# callgrind format
version: 1
creator: callgrind-3.25.1
pid: 3284849
cmd:  /home/lucas/.local/src/brn2/bin/brn2 -q -d . --file-target /tmp/brn2-valgrind/rotated-left
part: 1


desc: I1 cache: 
desc: D1 cache: 
desc: LL cache: 

desc: Timerange: Basic block 0 - 166563092
desc: Trigger: Program termination

positions: line
events: Ir
summary: 775983784


ob=(5) /home/lucas/.local/src/brn2/bin/brn2
fl=(180) /home/lucas/.local/src/brn2/main.c
fn=(632) main
106 1
+1 1
+10 1
-11 1
+12 1
-12 1
+14 1
-14 8
+1 3
cob=(2) /usr/lib/libc.so.6
cfi=(183) /usr/src/debug/glibc/glibc/string/../sysdeps/x86_64/multiarch/memset-vec-unaligned-erms.S
cfn=(646) __memset_avx2_unaligned_erms
calls=1 +86 
* 50
cob=(1) /usr/lib/ld-linux-x86-64.so.2
cfi=(181) /usr/src/debug/glibc/glibc/elf/../sysdeps/x86_64/dl-trampoline.h
cfn=(640) _dl_runtime_resolve_xsave
calls=1 -68 
* 666
* 5
+1 4
cob=(2)
cfi=(183)
cfn=(646)
calls=1 +85 
* 50
* 1
+21 1
fi=(219) /home/lucas/.local/src/brn2/cbase/cbase.h
-85 2
cob=(2)
cfi=(184) /usr/src/debug/glibc/glibc/string/../sysdeps/x86_64/multiarch/strlen-avx2.S
cfn=(652) __strlen_avx2
calls=1 +8 
* 22
cob=(1)
cfi=(181)
cfn=(640)
calls=1 -5 
* 724
* 5
fe=(180)
+86 3
fi=(219)
-77 1
fe=(180)
+81 1
-4 1
cfi=(185) /home/lucas/.local/src/brn2/cbase/util.c
cfn=(654) basename2
calls=1 1504 
* 2409
-11 1
+11 1
+2 6
cob=(2)
cfi=(190) /usr/src/debug/glibc/glibc/posix/getopt1.c
cfn=(678) getopt_long
calls=1 30 
* 2811
cob=(1)
cfi=(181)
cfn=(640)
calls=1 -93 
* 686
* 5
* 18
cob=(2)
cfi=(190)
cfn=(678)
calls=3 30 
* 743
* 3
+1 8
+1 18
+16 4
+19 1
+1 1
-33 3
-1 2
+51 3
fi=(195) /home/lucas/.local/src/brn2/cbase/threads.c
43 3
cob=(2)
cfi=(196) /usr/src/debug/glibc/glibc/posix/../sysdeps/unix/sysv/linux/x86/sysconf.c
cfn=(704) sysconf
calls=1 -11 
* 531
cob=(1)
cfi=(181)
cfn=(640)
calls=1 -4 
* 645
* 5
fe=(180)
198 1
+13 1
-13 1
+13 1
-13 1
-3 3
+16 2
-7 1
+1 1
+4 5
-4 1
+4 1
cfi=(185)
cfn=(732) snprintf2
calls=1 597 
* 1179
* 75
-4 15
+4 15
cfi=(185)
cfn=(732)
calls=15 597 
* 7980
+1 96
cfi=(185)
cfn=(732)
calls=16 597 
* 8497
+1 112
cfn=(758) xarena_create
calls=16 94 
* 8104
+2 32
-2 16
+2 80
cfn=(758)
calls=16 94 
* 5744
* 16
-8 48
+12 6
+11 3
cfi=(223) /home/lucas/.local/src/brn2/brn2.c
cfn=(802) brn2_list_from_dir
calls=1 -96 
* 38889626
+6 3
+6 4
+3 2
+5 2
+3 2
+6 1
-2 1
-4 1
cfi=(223)
cfn=(892) brn2_normalize_names
calls=1 605 
* 21116
+6 1
+1 400000
+1 400000
+4 400000
+3 200000
-9 600002
+13 1
+2 2
fi=(216) /home/lucas/.local/src/brn2/cbase/memory.c
+17 1
fe=(180)
-12 1
fi=(216)
+9 1
+3 1
cfn=(836) xrealloc
calls=1 -30 
* 106
fe=(180)
-6 1
-6 1
+3 2
+3 1
+4 2
cob=(2)
cfi=(192) /usr/src/debug/glibc/glibc/stdlib/getenv.c
cfn=(684) getenv
calls=1 25 
* 2067
cob=(1)
cfi=(181)
cfn=(640)
calls=1 39 
* 644
* 5
* 2
+4 3
cfi=(216)
cfn=(1060) xstrdup
calls=1 845 
* 216
* 1
+19 7
cfi=(185)
cfn=(732)
calls=1 597 
* 576
+1 2
cob=(2)
cfi=(269) /usr/src/debug/glibc/glibc/misc/mkstemp.c
cfn=(1066) mkstemp
calls=1 32 
* 404
cob=(1)
cfi=(181)
cfn=(640)
calls=1 39 
* 701
* 5
* 3
+6 2
cfi=(173) ???
cfn=(898) atexit
calls=1 0 
* 80
+3 2
+10 2
-34 1
+34 2
cfi=(277) /home/lucas/.local/src/brn2/cbase/hash.c
cfn=(1090) hash_create_map
calls=1 -72 
* 525085
+4 1
fi=(277)
779 1
fe=(180)
330 1
+3 3
+1 1
cfi=(216)
cfn=(762) xmmap_commit
calls=1 754 
* 81
+2 2
+2 1
-4 1
+2 1
cfi=(223)
cfn=(1094) brn2_create_hashes
calls=1 612 
* 2553
-38 4
+40 600003
+1 400000
+4 400000
fi=(185)
-7 400000
+7 800000
cob=(2)
cfi=(189) /usr/src/debug/glibc/glibc/string/../sysdeps/x86_64/multiarch/memchr-avx2.S
cfn=(672) __memchr_avx2
calls=200000 61 
* 3803905
* 200000
* 400000
fe=(180)
+1 800000
-4 200000
+4 200000
-4 200000
+4 200000
-4 200000
+4 200000
cfi=(277)
cfn=(1104) hash_insert_pre_calc_map
calls=200000 +94 
* 15015344
* 400000
+17 600000
+1 400000
+8 600000
+6 200000
-2 200000
+2 400000
fi=(216)
100 1200000
cob=(2)
cfi=(202) /usr/src/debug/glibc/glibc/string/../sysdeps/x86_64/multiarch/memmove-vec-unaligned-erms.S
cfn=(722) __memcpy_avx_unaligned_erms
calls=200000 255 
* 2200000
* 200000
fe=(180)
378 200000
+1 200000
-1 200000
-40 400000
fi=(223)
666 3
+7 1
-7 1
+4 5
-6 1
+2 1
+2 1
fi=(195)
478 1
cfn=(896) parallel_for_max_threads_min_items.part.0
calls=1 -15 
* 2539
fi=(223)
699 2
+6 6
cfi=(268) /home/lucas/.local/src/brn2/cbase/sort.c
cfn=(1046) sort_merge_subsorted
calls=1 97 
* 79507736
+26 1
fe=(180)
363 4145
cfn=(1106) write_fatal
calls=829 53 
* 55436
+1 2487
+3 1658
+15 2
-1 3
+1 1
-1 1
+1 2
cfn=(1106)
calls=1 53 
* 66
+1 1
+1 1
-1 1
+1 1
+4 6
cfi=(185)
cfn=(1118) xclose
calls=1 775 
* 721
* 2
+4 2
+7 3
112 21
523 3
-70 2
+61 4
cfi=(223)
cfn=(1128) brn2_list_from_file
calls=1 204 
* 34836693
+3 3
+5 3
+12 3
cfi=(223)
cfn=(892)
calls=1 +71 
* 2552
+2 2
+6 2
+6 3
cfi=(223)
cfn=(1094)
calls=1 +64 
* 2553
+2 6
cfi=(223)
cfn=(1158) brn2_verify
calls=1 741 
* 38841382
* 2
+20 3
cfi=(223)
cfn=(1166) brn2_get_number_changes
calls=1 +49 
* 2669
+1 2
-1 1
+3 2
+17 1
+1 3
-1 2
-53 3
cfi=(277)
cfn=(1090)
calls=1 258 
* 525085
* 2
+60 6
cfi=(223)
cfn=(1194) noop
calls=1 858 
* 2
+24 2
cob=(2)
cfi=(285) /usr/src/debug/glibc/glibc/stdlib/exit.c
cfn=(1214) exit
calls=1 147 
* 9875
cob=(1)
cfi=(181)
cfn=(640)
calls=1 39 
* 632
* 5
fi=(277)
259 2
-48 1
+48 1
cfi=(216)
cfn=(1160) xmalloc
calls=1 124 
* 196
* 1
-48 4
+4 1
+2 1
-1 1
-1 20
+2 18
-1 18
-1 36
+7 1
+4 2
-4 1
+1 1
-1 1
+4 1
cfi=(216)
cfn=(1160)
calls=1 124 
* 196
+2 1
fi=(216)
100 1
fi=(277)
226 1
fi=(216)
100 3
fi=(277)
228 1
cfi=(216)
cfn=(762)
calls=1 754 
* 122
+1 1
-1 1
+1 1
cfi=(216)
cfn=(762)
calls=1 754 
* 81
fi=(216)
119 2
fi=(277)
229 1
fi=(216)
119 2
cob=(2)
cfi=(183)
cfn=(646)
calls=1 +74 
* 524307
* 1
fi=(277)
232 2
-1 1
+1 3
+1 2
+1 2
+1 1
fe=(180)
578 1
fi=(277)
235 1
fe=(180)
578 1
+1 1
+5 7
cfi=(223)
cfn=(1176) brn2_execute
calls=1 1218 
* 184419583
+2 1
-43 1
+1 1
-1 2
+1 1
cfi=(216)
cfn=(762)
calls=1 754 
* 81
* 2

fn=(758)
94 64
+3 32
cfi=(215) /home/lucas/.local/src/brn2/cbase/arena.c
cfn=(760) arena_create
calls=32 -35 
* 13624
* 64
+6 64

fn=(1220) delete_brn2_buffer
70 1
+2 2
cob=(2)
cfi=(287) /usr/src/debug/glibc/glibc/io/../sysdeps/unix/sysv/linux/unlink.c
cfn=(1226) unlink
calls=1 -46 
* 6
cob=(1)
cfi=(181)
cfn=(640)
calls=1 -33 
* 635
* 5
+1 2
+5 2

fn=(1106)
53 830
fi=(279) /home/lucas/.local/src/brn2/cbase/rw_function.h
+1 3320
+3 830
+10 1660
cob=(2)
cfi=(280) /usr/src/debug/glibc/glibc/io/../sysdeps/unix/sysv/linux/write.c
cfn=(1114) write
calls=830 -42 
* 42330
cob=(1)
cfi=(181)
cfn=(640)
calls=1 -28 
* 718
* 834
fe=(180)
-11 3320
+11 1660

fl=(277)
fn=(1196) hash_remove_pre_calc_map
653 799996
380 399998
+5 799996
648 799996
382 399998
648 1999990
387 399998
648 399998
387 799996
+30 282040
-32 169224
+2 112816
+2 112816
-2 799996
+2 799996
+7 912812
+5 1369218
+5 912812
+1 799996
fi=(185)
+16 799996
+12 3599982
cob=(2)
cfi=(188) /usr/src/debug/glibc/glibc/string/../sysdeps/x86_64/multiarch/memcmp-avx2-movbe.S
cfn=(666) __memcmp_avx2_movbe
calls=399998 73 
* 7720142
* 399998
fe=(277)
-27 3199984
669 399998
+5 399998
-4 399998
+2 399998
+1 399998
+5 2399988

fn=(1104)
438 7999980
+4 799998
-4 1599996
+4 6399984
+17 799998
-2 1599996
-72 1599996
-3 7199982
+19 336133
+5 672266
+11 3680655
-32 2208393
+2 2208393
+2 1472262
-2 2399994
+2 1599996
+7 1472262
+2 1199994
+84 8799978
-92 3999990
+67 1199994
+2 399998
-2 399998
+2 799996
+11 799998
+2 799998
-2 799998
+8 799998
-4 799998
+4 799998
+3 799998
-6 799998
+5 799998
+1 799998
-24 800000
+3 800000

fn=(1090)
258 12
fi=(216)
130 2
fe=(277)
258 8
fi=(216)
130 2
cob=(2)
cfi=(163) /usr/src/debug/glibc/glibc/malloc/malloc.c
cfn=(782) malloc
calls=2 3101 
* 354
* 2
* 6
fe=(277)
+85 4
-4 16
+5 4
+1 4
-2 4
+1 68
+1 68
-2 68
+4 2
+1 2
+2 2
-3 2
+4 2
-1 2
fi=(219)
44 2
fe=(277)
223 2
-1 2
fi=(219)
44 2
cob=(2)
cfi=(184)
cfn=(652)
calls=2 +8 
* 28
* 2
fe=(277)
225 2
fi=(216)
-98 4
+3 6
cob=(2)
cfi=(163)
cfn=(782)
calls=2 3101 
* 354
* 2
* 6
fe=(277)
+96 2
fi=(216)
100 6
cob=(2)
cfi=(202)
cfn=(722)
calls=2 255 
* 26
* 2
* 2
fe=(277)
228 4
cfi=(216)
cfn=(762)
calls=2 754 
* 244
+1 2
-1 2
+1 2
cfi=(216)
cfn=(762)
calls=2 754 
* 162
fi=(216)
119 4
fe=(277)
229 2
fi=(216)
119 4
cob=(2)
cfi=(183)
cfn=(646)
calls=2 +74 
* 1048614
* 2
fe=(277)
232 4
-1 2
+1 2
+3 2
-3 4
+1 4
+1 4
+28 22

fn=(1192) hash_insert_pre_calc_set
438 3199984
+4 799996
-4 399998
+4 799996
-4 1199994
+4 1199994
+17 399998
-2 399998
-72 799996
-3 799996
+3 2799986
+16 256406
+5 512812
+11 282040
-32 169224
+2 169224
+2 112816
-2 1199994
+2 799996
+7 512812
+11 399996
fi=(185)
+16 399996
+12 1399986
cob=(2)
cfi=(188)
cfn=(666)
calls=199998 73 
* 3799962
* 199998
fe=(277)
-27 1199988
+46 199998
+28 4399978
-92 1000000
+80 200000
+2 200000
-2 200000
+11 200000
-7 200000
+1 200000
+5 200000
+1 200000
-24 400000
+3 400000

fl=(185)
fn=(654)
1504 9
+7 1
cfn=(656) normalize
calls=1 -46 
* 1373
+2 1
+4 2
-2 2
-6 1
+4 1
+2 2
343 4
cob=(2)
cfi=(189)
cfn=(672)
calls=1 61 
* 19
cob=(1)
cfi=(181)
cfn=(640)
calls=1 39 
* 730
* 5
* 28
cob=(2)
cfi=(189)
cfn=(672)
calls=7 61 
* 133
* 7
1532 16
+6 14
+7 14
+1 7
-1 7
+8 7
-29 14
+15 2
+21 8
-39 2

fn=(732)
597 429
+5 33
+1 66
-1 33
+1 33
-1 132
+1 33
cob=(2)
cfi=(207) /usr/src/debug/glibc/glibc/libio/vsnprintf.c
cfn=(738) vsnprintf
calls=33 102 
* 16382
cob=(1)
cfi=(181)
cfn=(640)
calls=1 39 
* 658
* 37
+3 165
+5 231

fn=(1118)
775 2
+13 2
-13 2
+13 2
-13 6
+17 14
+4 2
cob=(2)
cfi=(281) /usr/src/debug/glibc/glibc/io/../sysdeps/unix/sysv/linux/close.c
cfn=(1124) close
calls=2 26 
* 100
cob=(1)
cfi=(181)
cfn=(640)
calls=1 39 
* 639
* 6
* 6
+19 2
+1 2
-23 2
+24 12

fn=(656)
1465 2
+4 1
-4 5
+4 2
142 2
1473 3
150 3
cob=(2)
cfi=(186) /usr/src/debug/glibc/glibc/string/memmem.c
cfn=(662) memmem
calls=1 -95 
* 319
cob=(1)
cfi=(181)
cfn=(640)
calls=1 39 
* 645
* 5
* 1
1473 2
+7 2
+7 5
-1 2
+7 1
142 3
1493 3
150 4
cob=(2)
cfi=(186)
cfn=(662)
calls=1 -95 
* 350
* 1
* 1
1493 2
142 1
1501 6
-16 2

fl=(267) /home/lucas/.local/src/brn2/stc/priv/sort_prv.h
fn=(1036) stc_sort_list_sort_lowhigh
83 32
+2 160
+1 48
fi=(223)
-7 16
fe=(267)
+7 96
fi=(223)
-8 16
+1 16
-1 32
fe=(267)
+11 32
fi=(223)
-11 16
fi=(308) /home/lucas/.local/src/brn2/cbase/minmax.c
-35 16
fi=(223)
+35 16
fi=(308)
-35 16
fi=(185)
423 32
fe=(267)
86 1290
fi=(223)
-7 430
fe=(267)
+7 2580
fi=(223)
-8 430
+1 430
-1 860
fe=(267)
+11 860
fi=(223)
-11 430
fi=(308)
-35 430
fi=(223)
+35 430
fi=(308)
-35 430
fi=(185)
423 860
fe=(267)
89 863348
fi=(223)
-11 431674
fi=(308)
-35 431674
fi=(223)
+35 431674
fi=(308)
-35 431674
fi=(185)
423 863348
+12 1728480
cob=(2)
cfi=(188)
cfn=(666)
calls=432120 73 
* 9539505
cob=(1)
cfi=(181)
cfn=(640)
calls=1 39 
* 714
* 432124
fi=(223)
81 1296360
+4 600
fe=(267)
+4 1160203
+1 983999
fi=(223)
-12 418771
fi=(308)
-35 418771
fi=(223)
+35 418771
fi=(308)
-35 418771
fi=(185)
423 837542
+12 1256313
cob=(2)
cfi=(188)
cfn=(666)
calls=418771 73 
* 9244465
* 418771
fi=(223)
81 837542
+4 432
fe=(267)
+5 837542
+1 408471
+1 407472
+1 135824
-1 135824
+1 271648
+1 271648
+2 4333
+4 510
+1 484
-16 1434
+19 32
-15 591926
+7 191
+2 382
+2 1198
cfn=(1037) stc_sort_list_sort_lowhigh'2
calls=204 -17 
* 135089490
* 1109
-29 362
+2 362
-2 5830
+2 5830
fi=(223)
+5 3096
+1 24768
fe=(267)
-3 27090
-3 54180
+1 30186
fi=(223)
+4 60372
fi=(308)
-35 30186
fi=(223)
+35 30186
fi=(308)
-35 30186
fi=(185)
423 60372
+12 90558
cob=(2)
cfi=(188)
cfn=(666)
calls=30186 73 
* 667114
* 30186
fi=(223)
81 60372
fe=(267)
-6 69660
+4 3096
-9 9650

fn=(1037)
83 3072
+2 15360
+1 4608
fi=(223)
-7 1536
fe=(267)
+7 9216
fi=(223)
-8 1536
+1 1536
-1 3072
fe=(267)
+11 3072
fi=(223)
-11 1536
fi=(308)
-35 1536
fi=(223)
+35 1536
fi=(308)
-35 1536
fi=(185)
423 3072
fe=(267)
86 58806
fi=(223)
-7 19602
fe=(267)
+7 117612
fi=(223)
-8 19602
+1 19602
-1 39204
fe=(267)
+11 39204
fi=(223)
-11 19602
fi=(308)
-35 19602
fi=(223)
+35 19602
fi=(308)
-35 19602
fi=(185)
423 39204
fe=(267)
89 1704488
fi=(223)
-11 852244
fi=(308)
-35 852244
fi=(223)
+35 852244
fi=(308)
-35 852244
fi=(185)
423 1704488
+12 3493528
cob=(2)
cfi=(188)
cfn=(666)
calls=873382 73 
* 19257461
* 873382
fi=(223)
81 2620146
+4 32774
fe=(267)
+4 2302063
+1 2063567
fi=(223)
-12 899911
fi=(308)
-35 899911
fi=(223)
+35 899911
fi=(308)
-35 899911
fi=(185)
423 1799822
+12 2699733
cob=(2)
cfi=(188)
cfn=(666)
calls=899911 73 
* 19852261
* 899911
fi=(223)
81 1799822
+4 22862
fe=(267)
+5 1799822
+1 954249
+1 911550
+1 303850
-1 303850
+1 607700
+1 607700
+2 206601
+4 24998
+1 39612
-16 72630
+19 3072
-15 1110598
+7 8639
+2 17278
+2 22606
cfn=(1037)
calls=1332 -17 
* 136175849
* 74202
-29 29148
+2 29148
-2 319164
+2 319164
fi=(223)
+5 174156
+1 1393248
fe=(267)
-3 1198408
-3 2396816
+1 1372525
fi=(223)
+4 2745050
fi=(308)
-35 1372525
fi=(223)
+35 1372525
fi=(308)
-35 1372525
fi=(185)
423 2745050
+12 4117575
cob=(2)
cfi=(188)
cfn=(666)
calls=1372525 73 
* 30334167
* 1372525
fi=(223)
81 2745050
fe=(267)
-6 3267401
+4 174117
-9 522351
+9 39
-9 29265
+3 195

fl=(223)
fn=(1014) brn2_parallel_work
638 96
+2 96
-2 288
+2 672
+2 384
+5 96
+3 96
-2 96
+1 96
+1 96
cfn=(1170) brn2_threads_work_changes
calls=16 -64 
* 7820530
cfn=(1098) brn2_threads_work_hashes
calls=32 -77 
* 20000704
cfn=(1034) brn2_threads_work_sort
calls=16 -86 
* 172328914
cfn=(1016) brn2_threads_work_normalization
calls=32 482 
* 163913270
+2 480

fn=(1016)
482 96
+5 96
+2 32
-2 96
+8 448
+1 128
+6 96
fi=(185)
142 64
fe=(223)
496 1599872
+6 1199904
fi=(185)
142 799936
fe=(223)
502 1200000
fi=(185)
150 1200000
cob=(2)
cfi=(186)
cfn=(662)
calls=400000 -95 
* 63600000
* 400000
* 400000
fe=(223)
502 800000
+7 800000
fi=(185)
142 800000
fe=(223)
515 1200000
fi=(185)
150 1600000
cob=(2)
cfi=(186)
cfn=(662)
calls=400000 -95 
* 74511360
* 400000
* 400000
fe=(223)
515 800000
+7 800000
+17 1600000
-44 2400160
+50 224
-21 600000
cob=(2)
cfi=(265) /usr/src/debug/glibc/glibc/io/../sysdeps/unix/sysv/linux/lstat64.c
cfn=(1024) lstat
calls=200000 28 
* 2800000
cob=(1)
cfi=(181)
cfn=(640)
calls=1 39 
* 690
* 200004
* 400000
+12 1000000
-4 800000
+4 400000
-21 1200000
-24 16
+1 16
-1 16
+1 16

fn=(1098)
573 64
+3 96
+1 160
+1 160
fi=(277)
765 32
fe=(223)
579 32
fi=(277)
765 32
cfi=(278) /home/lucas/.local/src/brn2/cbase/rapidhash.h
cfn=(1100) rapidhash
calls=32 296 
* 1216
fe=(223)
578 399968
fi=(277)
765 399968
fe=(223)
579 399968
fi=(277)
765 399968
cfi=(278)
cfn=(1100)
calls=399968 296 
* 15198784
fe=(223)
580 800000
-1 400000
+1 800000
-4 1200128
+7 128

fn=(1128)
204 8
fi=(219)
-10 2
fe=(223)
+24 5
cob=(2)
cfi=(275) /usr/src/debug/glibc/glibc/io/../sysdeps/unix/sysv/linux/open64.c
cfn=(1086) open
calls=1 30 
* 65
cob=(1)
cfi=(181)
cfn=(640)
calls=1 39 
* 623
* 5
* 4
+8 3
cob=(2)
cfi=(226) /usr/src/debug/glibc/glibc/io/../sysdeps/unix/sysv/linux/fstat64.c
cfn=(816) fstat
calls=1 30 
* 6
cob=(1)
cfi=(181)
cfn=(640)
calls=1 39 
* 722
* 5
* 2
+4 4
cob=(2)
cfi=(282) /usr/src/debug/glibc/glibc/io/../sysdeps/unix/sysv/linux/lseek64.c
cfn=(1142) lseek
calls=1 28 
* 6
cob=(1)
cfi=(181)
cfn=(640)
calls=1 39 
* 680
* 5
* 2
+6 8
+4 4
+7 1
+1 1
+1 1
-2 2
+1 2
+1 1
-1 1
+1 1
cob=(2)
cfi=(283) /usr/src/debug/glibc/glibc/misc/../sysdeps/unix/sysv/linux/ftruncate64.c
cfn=(1148) ftruncate
calls=1 28 
* 6
cob=(1)
cfi=(181)
cfn=(640)
calls=1 39 
* 696
* 5
* 2
+6 7
cob=(2)
cfi=(218) /usr/src/debug/glibc/glibc/misc/../sysdeps/unix/sysv/linux/mmap64.c
cfn=(772) mmap
calls=1 47 
* 26
* 1
* 1
+1 2
+7 3
-1 2
fi=(216)
130 2
cob=(2)
cfi=(163)
cfn=(782)
calls=1 3101 
* 298
* 1
* 2
fe=(223)
267 1
+7 1
-68 1
+62 1
+4 3
+32 400000
+2 400000
+11 200000
-4 200000
+1 200000
+4 400000
-42 400000
fi=(185)
+67 800000
cob=(2)
cfi=(189)
cfn=(672)
calls=200000 61 
* 3816172
* 200000
* 200000
fe=(223)
-67 400000
+4 400000
+1 400000
-4 600000
fi=(185)
+59 400000
+7 1400000
cob=(2)
cfi=(189)
cfn=(672)
calls=200000 61 
* 3816366
* 200000
fe=(223)
-54 400000
+4 400000
+6 1200000
cfi=(215)
cfn=(880) xarenas_push
calls=200000 188 
* 12399996
+3 200000
-3 400000
+4 400000
-1 200000
fi=(216)
100 400000
fe=(223)
303 400000
fi=(216)
100 600000
cob=(2)
cfi=(202)
cfn=(722)
calls=200000 255 
* 2200000
* 200000
* 600000
fe=(223)
326 3
+9 3
cob=(2)
cfi=(234) /usr/src/debug/glibc/glibc/misc/../sysdeps/unix/syscall-template.S
cfn=(890) munmap
calls=1 117 
* 6
cob=(1)
cfi=(181)
cfn=(640)
calls=1 39 
* 635
* 5
+1 3
cob=(2)
cfi=(283)
cfn=(1148)
calls=1 28 
* 6
* 1
* 2
+5 6
cfi=(185)
cfn=(1118)
calls=1 775 
* 78
+2 4
+1 7
fi=(216)
-55 1
fe=(223)
+40 1
fi=(216)
-43 1
+3 1
cfn=(836)
calls=1 -30 
* 162
fe=(223)
+42 1
-2 1
+3 2

fn=(1166)
619 5
+2 33
+45 1
+2 1
+5 1
-3 1
-2 1
-1 1
+3 1
-6 1
+4 1
fi=(195)
474 2
+4 5
cfn=(896)
calls=1 -15 
* 2534
* 2
fe=(223)
626 3
+1 1
-1 3
+1 15
-1 52
+4 5

fn=(1170)
586 32
+4 16
-4 16
+4 16
-4 48
+4 32
+1 32
-3 32
+3 16
+1 48
+6 200000
-8 600000
+1 200000
+1 200000
+1 600000
fi=(185)
423 400000
+12 600000
cob=(2)
cfi=(188)
cfn=(666)
calls=200000 73 
* 4420050
* 200000
fe=(223)
594 400000
-4 32
+10 32
+2 32
-2 16
+2 80

fn=(1194)
858 400000

fn=(1176)
1218 12
+1 1
cfn=(1178) brn2_validate_execution_plan
calls=1 976 
* 2600026
* 2
+4 800004
+1 1000000
+6 4
+1 1200000
+1 1200000
-2 200000
+2 200000
cfn=(1180) brn2_execute2
calls=200000 1073 
* 176819526
-2 400000
+8 8

fn=(892)
605 10
+61 2
+7 2
-3 2
-3 2
+3 2
-6 2
+4 2
fi=(195)
474 4
+4 10
cfn=(896)
calls=2 -15 
* 23620
fe=(223)
609 10

fn=(1180)
1073 200000
+19 200000
-19 200000
+5 200000
+14 4000000
-14 400000
+2 200000
-2 200000
+2 400000
+1 600000
+4 200000
-4 200000
+7 400000
+18 400000
-24 199999
fi=(277)
380 199999
fe=(223)
1083 199999
-1 199999
+4 399998
+3 599997
fi=(277)
385 399998
+2 799996
-5 1599992
+35 338448
-32 169224
+2 56408
+2 112816
-2 199999
+2 399998
+7 512814
+5 769221
+5 512814
+1 399998
fi=(185)
+16 399998
+12 1599992
cob=(2)
cfi=(188)
cfn=(666)
calls=199999 73 
* 3920161
* 199999
fi=(277)
-27 1399993
608 199999
fi=(185)
1270 199999
fi=(277)
608 399998
fi=(185)
1270 199999
fi=(277)
608 799996
fi=(185)
1270 399998
cob=(2)
cfi=(275)
cfn=(1086)
calls=199999 30 
* 12999935
* 199999
* 599997
fi=(277)
610 399998
fe=(223)
63 1599992
cob=(2)
cfi=(284) /usr/src/debug/glibc/glibc/misc/../sysdeps/unix/sysv/linux/x86_64/syscall.S
cfn=(1190) syscall
calls=199999 -34 
* 2399988
cob=(1)
cfi=(181)
cfn=(640)
calls=1 -24 
* 676
* 200003
1130 399998
+67 1000000
+12 600000
fi=(219)
194 4
cob=(2)
cfi=(193) /usr/src/debug/glibc/glibc/string/../sysdeps/x86_64/multiarch/strcmp-avx2.S
cfn=(1208) __strcmp_avx2
calls=1 +12 
* 20
cob=(1)
cfi=(181)
cfn=(640)
calls=1 39 
* 723
* 5
fe=(223)
1107 4
+24 1199994
cfi=(277)
cfn=(1192)
calls=199999 438 
* 18199883
* 399998
+2 2
+2 6
cfi=(277)
cfn=(1192)
calls=1 438 
* 65
* 1199988
cfi=(277)
cfn=(1192)
calls=199998 438 
* 14015214
* 399998
+4 399998
+2 999995
cfn=(1194)
calls=199999 858 
* 399998
+2 399998
+2 199999
+2 599997
-2 199999
+2 399998
-2 599997
+2 199999
cfi=(277)
cfn=(1196)
calls=199999 653 
* 17191852
+2 1199994
cfi=(277)
cfn=(1196)
calls=199999 653 
* 15999920
+3 1399993
cfi=(277)
cfn=(1104)
calls=199999 438 
* 22219615
+2 1399993
cfi=(277)
cfn=(1104)
calls=199999 438 
* 18199909
+4 399998
+1 199999
-1 799996
+1 1399993
fi=(185)
1274 199999
cob=(2)
cfi=(281)
cfn=(1124)
calls=199999 26 
* 9999950
* 199999
fe=(223)
1117 199999

fn=(1158)
741 3
+3 1
-3 5
fi=(216)
-31 2
fe=(223)
+36 1
+1 1
-1 3
+1 1
cfi=(216)
cfn=(1160)
calls=1 124 
* 131589
+2 1
-2 2
+2 13
+1 100000
-1 100000
+1 100000
-1 200000
+8 1
-8 1
+8 1
-15 2
+34 600000
-23 1000000
+1 400000
+2 600000
+9 200000
+1 200000
-1 1200000
+1 200000
-1 200000
cfi=(277)
cfn=(1104)
calls=200000 438 
* 15015344
* 600000
-8 400000
+23 2
+17 3
fi=(277)
387 2
fi=(185)
+48 4
fi=(277)
-48 2
fe=(223)
781 3
+5 4
fi=(185)
435 1
fe=(223)
786 2
fi=(185)
435 1
fi=(277)
-48 1
fi=(185)
+48 2
fi=(277)
-48 1
fi=(185)
+48 2
fi=(277)
-48 399998
fi=(185)
+48 799996
fi=(277)
-48 399998
fe=(223)
781 599997
+5 799996
fi=(185)
435 199999
fe=(223)
786 399998
fi=(185)
435 199999
fi=(277)
-48 199999
fi=(185)
+48 399998
fi=(277)
-48 199999
fi=(185)
+48 399998
fi=(277)
-18 169224
-30 56408
+30 112816
-30 112816
+9 512816
+5 512816
+5 512816
+1 400000
fi=(185)
+16 400000
+12 1200000
cob=(2)
cfi=(188)
cfn=(666)
calls=200000 73 
* 3804686
* 200000
fi=(277)
-27 1000000
608 1000000
fe=(223)
790 400000
+1 600000
+2 400000
-13 1199998
+71 6
+1 4

fn=(1034)
564 16
+2 16
+2 16
fi=(267)
40 16
fe=(223)
566 16
+2 16
-2 16
+2 16
fi=(267)
40 16
fe=(223)
566 16
fi=(267)
40 16
cfn=(1036)
calls=16 +43 
* 172328690
fe=(223)
570 48

fn=(1094)
612 10
+54 2
+7 2
-3 2
-6 2
+3 2
+2 2
+1 2
-2 2
fi=(195)
474 4
+4 10
cfn=(896)
calls=2 -15 
* 5056
fe=(223)
616 10

fn=(802)
132 8
fi=(219)
+62 3
fe=(223)
-56 2
+11 4
cfi=(224) /home/lucas/.local/src/brn2/cbase/directory.c
cfn=(806) get_directory_entries
calls=1 23 
* 15488428
* 3
+1 2
fi=(216)
-23 2
710 2
+1 1
cob=(2)
cfi=(163)
cfn=(868) free
calls=1 3137 
* 79
cob=(1)
cfi=(181)
cfn=(640)
calls=1 39 
* 618
* 5
289 3
cfn=(836)
calls=1 -30 
* 106
fe=(223)
-92 1
-2 1
+3 1
+2 10
-45 3
fi=(216)
-25 2
cob=(2)
cfi=(163)
cfn=(782)
calls=1 3101 
* 286
* 1
* 3
fe=(223)
+64 1
-25 1
-11 1
-24 1
+21 1
+19 1
-18 1
+2 1
+16 1
-5 2
450 1000013
+4 3
-4 6
+1 600009
162 200000
+6 800000
-9 400000
+17 400000
-3 400000
+19 200000
-34 600006
+1 200001
-1 400002
+27 1200000
cfi=(215)
cfn=(880)
calls=200000 +3 
* 12399996
* 200000
+3 200000
-3 200000
+3 200000
fi=(216)
-88 1200000
cob=(2)
cfi=(202)
cfn=(722)
calls=200000 255 
* 2200000
* 200000
* 200000
fe=(223)
+95 2
fi=(216)
+91 3
fe=(223)

fn=(1178)
976 1
+3 1
-3 3
+3 10
+1 3
+2 3
-2 599997
+2 1399997
+25 5
-28 600004
+27 2

fl=(216)
fn=(1060)
845 3
fi=(219)
44 1
cob=(2)
cfi=(184)
cfn=(652)
calls=1 +8 
* 14
* 1
fe=(216)
+83 2
+3 4
cob=(2)
cfi=(163)
cfn=(782)
calls=1 3101 
* 166
* 1
* 3
857 1
100 2
857 1
100 1
cob=(2)
cfi=(202)
cfn=(722)
calls=1 255 
* 15
* 1

fn=(764) memory_mapping_size
717 80
+1 160
+5 80
+3 80
-3 160
+3 160
+23 158
+1 79
-1 79
+1 79
-20 3
cob=(2)
cfi=(196)
cfn=(704)
calls=1 32 
* 50
* 1
* 4
+4 1
+15 2
+1 1
-1 1
+1 1

fn=(762)
754 160
+2 40
+2 80
cfn=(764)
calls=40 -41 
* 619
+3 80
-3 5
+12 10
cfn=(764)
calls=5 -53 
* 70
* 70
cfn=(764)
calls=35 -53 
* 490
+1 120
-1 40
+1 160
cob=(2)
cfi=(218)
cfn=(772)
calls=40 47 
* 1040
* 40
+3 80
+5 160
-16 140
-1 35
+1 70
-1 35
+1 35
cob=(2)
cfi=(218)
cfn=(772)
calls=35 47 
* 1050
cob=(1)
cfi=(181)
cfn=(640)
calls=1 39 
* 618
* 39
+3 70

fn=(836)
259 56
+4 28
+12 70
cob=(2)
cfi=(163)
cfn=(842) realloc
calls=14 3190 
* 68786
cob=(1)
cfi=(181)
cfn=(640)
calls=1 39 
* 663
* 18
* 28
+7 56

fn=(1160)
124 12
+3 9
+3 9
cob=(2)
cfi=(163)
cfn=(782)
calls=3 3101 
* 654
* 3
* 6
+4 6
+5 9
-20 2
+20 1
-20 1
+20 1
-20 1
cob=(2)
cfi=(183)
cfn=(646)
calls=1 +74 
* 131266
* 1

fl=(195)
fn=(1008) xpthread_mutex_unlock
87 430
+2 215
cob=(2)
cfi=(243) /usr/src/debug/glibc/glibc/nptl/pthread_mutex_unlock.c
cfn=(928) pthread_mutex_unlock@@GLIBC_2.2.5
calls=215 357 
* 6802
cob=(1)
cfi=(181)
cfn=(640)
calls=1 -50 
* 761
* 219
* 430
+5 430

fn=(896)
463 54
-47 12
+6 42
525 48
43 36
cob=(2)
cfi=(196)
cfn=(704)
calls=6 -11 
* 3186
* 6
427 18
+4 18
+2 12
fi=(308)
43 24
fe=(195)
480 12
-37 6
-9 6
+9 12
+4 2
+8 9
120 5
cob=(2)
cfi=(235) /usr/src/debug/glibc/glibc/nptl/pthread_create.c
cfn=(904) pthread_create@@GLIBC_2.34
calls=1 651 
* 1184
cob=(1)
cfi=(181)
cfn=(640)
calls=1 -81 
* 822
* 5
* 75
cob=(2)
cfi=(235)
cfn=(904)
calls=15 651 
* 15585
* 15
* 32
455 48
+3 1
+28 1
188 2
489 1
-3 4
188 1
cfn=(964) xpthread_mutex_lock
calls=1 77 
* 38
486 5
188 10
489 5
-3 20
188 5
cfn=(964)
calls=5 77 
* 190
* 12
490 6
+4 12
-2 6
-2 6
+1 6
+3 6
-3 6
+2 12
+1 6
+4 6
-4 12
+6 18
-10 90
+4 180
-2 90
-2 90
+1 90
+3 90
-3 90
+2 180
+1 90
+4 90
-4 180
+6 270
+6 96
+3 96
+1 96
-1 96
212 96
506 192
+2 96
-19 96
+19 480
-1 96
212 96
cob=(2)
cfi=(260) /usr/src/debug/glibc/glibc/nptl/pthread_cond_signal.c
cfn=(990) pthread_cond_signal@@GLIBC_2.3.2
calls=96 35 
* 5641
cob=(1)
cfi=(181)
cfn=(640)
calls=1 39 
* 810
* 100
489 288
+26 24
206 18
cob=(2)
cfi=(254) /usr/src/debug/glibc/glibc/nptl/pthread_cond_wait.c
cfn=(974) pthread_cond_wait@@GLIBC_2.3.2
calls=6 451 
* 1381
* 6
515 36
+5 24
cob=(2)
cfi=(183)
cfn=(646)
calls=6 193 
* 258
* 6
194 12
cfn=(1008)
calls=6 87 
* 294
* 24
524 6
-73 1
-3 1
+3 1
cfi=(173)
cfn=(898)
calls=1 0 
* 80
* 1

fn=(964)
77 430
+2 215
cob=(2)
cfi=(242) /usr/src/debug/glibc/glibc/nptl/pthread_mutex_lock.c
cfn=(926) pthread_mutex_lock@@GLIBC_2.2.5
calls=215 -8 
* 6502
cob=(1)
cfi=(181)
cfn=(640)
calls=1 -40 
* 814
* 219
* 430
+5 430

fn=(962) thread_pool_worker
229 80
-41 32
cfn=(964)
calls=16 77 
* 1478
* 192
cfn=(964)
calls=96 77 
* 3648
373 112
+1 311
200 279
cob=(2)
cfi=(254)
cfn=(974)
calls=93 451 
* 23553
cob=(1)
cfi=(181)
cfn=(640)
calls=1 39 
* 772
* 97
373 93
+1 404
194 32
cfn=(1008)
calls=16 87 
* 784
+39 80
378 192
+6 96
+4 96
194 96
388 96
-4 192
+1 96
+2 576
-1 96
194 96
cfn=(1008)
calls=96 87 
* 4523
392 192
+1 480
cfi=(223)
cfn=(1014)
calls=96 638 
* 364065914
188 192
cfn=(964)
calls=96 77 
* 3648
397 288
+1 192
194 192
cfn=(1008)
calls=96 87 
* 3648
+1 96
399 18
218 12
cob=(2)
cfi=(260)
cfn=(990)
calls=6 35 
* 582
* 6
+1 6

fn=(1228) thread_pool_shutdown
355 1
188 2
cfn=(964)
calls=1 77 
* 38
+36 1
357 1
224 1
cob=(2)
cfi=(288) /usr/src/debug/glibc/glibc/nptl/pthread_cond_broadcast.c
cfn=(1234) pthread_cond_broadcast@@GLIBC_2.3.2
calls=1 39 
* 97
cob=(1)
cfi=(181)
cfn=(640)
calls=1 39 
* 821
* 5
-30 2
cfn=(1008)
calls=1 87 
* 38
+49 8
130 3
cob=(2)
cfi=(289) /usr/src/debug/glibc/glibc/nptl/pthread_join.c
cfn=(1246) pthread_join@@GLIBC_2.34
calls=1 23 
* 194
cob=(1)
cfi=(181)
cfn=(640)
calls=1 -91 
* 680
* 5
* 45
cob=(2)
cfi=(289)
cfn=(1246)
calls=15 23 
* 5639
* 15
* 32
+4 16
243 50
362 1
+3 2

fl=(215)
fn=(882) arena_with_space
106 2000000
+1 800000
-6 2000000
+10 800000
+5 800002
+5 399998
+1 399998
-1 1199994
+10 400000
+1 2800000

fn=(760)
62 96
+3 64
+5 128
cfi=(216)
cfn=(762)
calls=32 754 
* 4585
+1 32
-1 32
+2 64
fi=(219)
-28 64
cob=(2)
cfi=(184)
cfn=(652)
calls=32 +8 
* 448
* 32
fe=(215)
+29 32
fi=(216)
+54 64
+3 96
cob=(2)
cfi=(163)
cfn=(782)
calls=32 3101 
* 5344
cob=(1)
cfi=(181)
cfn=(640)
calls=1 -91 
* 662
* 36
* 96
fe=(215)
-56 32
fi=(216)
+26 96
cob=(2)
cfi=(202)
cfn=(722)
calls=32 255 
* 416
cob=(1)
cfi=(181)
cfn=(640)
calls=1 -61 
* 785
* 36
fe=(215)
-22 32
-1 32
+3 32
-3 32
+4 32
-2 32
+5 32
-6 32
+3 32
+3 96

fn=(880)
188 2800000
-32 800000
-19 2400000
+2 1200000
cfn=(882)
calls=400000 -33 
* 11599992
* 800000
+4 400000
+6 400000
-1 800000
+10 800000
+39 2800000

fl=(278)
fn=(1100)
296 400000
+68 400000
-68 400000
+68 400000
-67 800000
+1 800000
+2 800000
-1 400000
+1 800000
-91 400000
+91 800000
-91 400000
+93 400000
-1 800000
-92 800000
+93 800000
+51 400000
-1 400000
+14 800000
-14 400000
119 400000
355 1600000
119 800000
+76 400000
366 400000

fl=(173)
fn=(898)
0 8
cob=(2)
cfi=(175) /usr/src/debug/glibc/glibc/stdlib/cxa_atexit.c
cfn=(606) __cxa_atexit
calls=2 67 
0 152

fn=(1294) 0x0000000000004670
0 9
cob=(2)
cfi=(303) /usr/src/debug/glibc/glibc/stdlib/cxa_finalize.c
cfn=(1300) __cxa_finalize
calls=1 45 
0 76
0 1
cfn=(1308) 0x0000000000004600
calls=1 0 
0 5
0 3

fn=(1308)
0 5

fn=(602) (below main)
0 12
cob=(2)
cfi=(174) /usr/src/debug/glibc/glibc/csu/../csu/libc-start.c
cfn=(604) __libc_start_main@@GLIBC_2.34
calls=1 242 
0 411645407

fn=(616) 0x00000000000046c0
0 12

fl=(268)
fn=(1046)
97 1
+3 1
-3 12
+3 32
+11 7
+9 4
fi=(216)
+10 1
cob=(2)
cfi=(163)
cfn=(782)
calls=1 3101 
* 298
* 1
* 3
fe=(268)
-7 18
+1 2
-1 3
+1 3
-1 5
+1 3
-1 9
+8 1
-3 4
+3 2
+1 3
+1 1
-1 3
+1 1
-1 2
+1 14
-1 42
+1 14
-1 29
+4 5
+1 1
+1 1
-2 3
+1 3
-1 2
+1 15
+1 15
-2 45
+1 45
-1 30
+5 4
+1 5
cfn=(1050) sort_heapify
calls=1 -85 
* 100
* 35
cfn=(1050)
calls=7 -85 
* 1514
-1 17
+5 2
+8 999920
+7 399968
-15 4
+5 200000
fi=(216)
-51 800000
cob=(2)
cfi=(202)
cfn=(722)
calls=200000 255 
* 2600000
* 200000
fe=(268)
+51 600000
+2 400000
+3 16
+1 32
+1 60
+4 45
-16 15
+16 15
-16 15
+16 15
cfn=(1050)
calls=15 57 
* 3996
* 599952
-16 199984
+16 199984
-16 199984
+16 199984
cfn=(1050)
calls=199984 57 
* 71325214
-16 399998
fi=(216)
-46 4
cob=(2)
cfi=(202)
cfn=(722)
calls=1 255 
* 176072
* 1
711 6
fe=(268)
170 5
fi=(216)
711 1
cob=(2)
cfi=(163)
cfn=(868)
calls=1 3137 
* 84
* 1
fe=(268)

fn=(1050)
57 800028
+4 200007
-4 200007
+4 200007
+3 400014
+4 400012
-6 400012
+6 1200036
+3 298444
-11 136805
+12 273610
fi=(223)
+4 273610
+2 136805
fi=(308)
-35 136805
fi=(223)
+35 136805
fi=(308)
-35 136805
fi=(185)
423 273610
fe=(268)
72 827306
fi=(223)
+4 827306
+2 413653
fi=(308)
-35 413653
fi=(223)
+35 413653
fi=(308)
-35 413653
fi=(185)
423 827306
+12 1651374
cob=(2)
cfi=(188)
cfn=(666)
calls=550458 73 
* 12165828
* 550458
fi=(223)
81 1651374
fe=(268)
-9 1651374
+4 1125934
+6 475490
-14 475490
-7 475490
+21 475490
-1 475490
-20 475490
+1 475490
+20 950980
+1 950980
-19 1326358
+4 375378
fi=(223)
+9 375378
fe=(268)
-9 375378
fi=(223)
+8 375378
+2 375378
-2 375378
+2 750756
fi=(308)
-35 750756
fi=(223)
+35 375378
fi=(308)
-35 375378
fi=(223)
+36 750756
fi=(185)
423 750756
fe=(268)
68 200006
fi=(223)
+9 200006
fe=(268)
-9 200006
fi=(223)
+8 200006
+2 200006
-2 200006
+2 400012
fi=(308)
-35 400012
fi=(223)
+35 200006
fi=(308)
-35 200006
fi=(223)
+36 400012
fi=(185)
423 400012
+12 4027688
cob=(2)
cfi=(188)
cfn=(666)
calls=575384 73 
* 12716959
* 575384
fi=(223)
81 4027688
fe=(268)
-13 1150768
+3 3533116
+17 1000035

fl=(224)
fn=(806)
23 4
+8 1
cob=(2)
cfi=(225) /usr/src/debug/glibc/glibc/dirent/../sysdeps/unix/sysv/linux/opendir.c
cfn=(812) opendir
calls=1 +63 
* 221
cob=(1)
cfi=(181)
cfn=(640)
calls=1 +8 
* 680
* 5
* 2
fi=(216)
+99 8
cob=(2)
cfi=(163)
cfn=(782)
calls=1 3101 
* 146
* 1
* 3
fe=(224)
-93 1
cob=(2)
cfi=(227) /usr/src/debug/glibc/glibc/csu/errno-loc.c
cfn=(824) __errno_location
calls=1 -12 
* 4
cob=(1)
cfi=(181)
cfn=(640)
calls=1 +2 
* 778
* 5
-9 1
-1 1
+10 2
+1 2
cob=(2)
cfi=(228) /usr/src/debug/glibc/glibc/dirent/../sysdeps/unix/sysv/linux/readdir64.c
cfn=(830) readdir
calls=1 +32 
* 54
cob=(1)
cfi=(181)
cfn=(640)
calls=1 +1 
* 669
* 5
* 2
+1 200002
fi=(219)
+5 400004
cob=(2)
cfi=(184)
cfn=(652)
calls=200002 +8 
* 2808568
* 200002
* 200002
fe=(224)
-3 400004
+5 400004
+3 20
+4 10
fi=(216)
289 10
fe=(224)
53 10
fi=(216)
286 10
+3 10
cfn=(836)
calls=10 -30 
* 69169
* 10
fe=(224)
58 10
fi=(216)
+42 10
fe=(224)
-42 20
fi=(216)
+42 20
fe=(224)
-42 199992
fi=(216)
+42 199992
fe=(224)
-42 399984
fi=(216)
+42 1199992
cob=(2)
cfi=(202)
cfn=(722)
calls=200002 255 
* 2200036
* 200002
fe=(224)
-62 200002
+22 200002
-22 200002
cob=(2)
cfi=(228)
cfn=(830)
calls=200002 +32 
* 5206910
* 200002
* 400004
+25 1
+1 1
-1 1
+1 1
cob=(2)
cfi=(232) /usr/src/debug/glibc/glibc/dirent/../sysdeps/unix/sysv/linux/closedir.c
cfn=(866) closedir
calls=1 -33 
* 147
cob=(1)
cfi=(181)
cfn=(640)
calls=1 -25 
* 681
* 5
* 2
+6 2
+6 1
fi=(216)
289 1
-3 1
+3 1
cfn=(836)
calls=1 -30 
* 162
fe=(224)
77 7
+3 4

ob=(2)
fl=(92) /usr/src/debug/glibc/glibc/string/../sysdeps/x86_64/multiarch/strncase.c
fn=(356) strncasecmp
31 1
fi=(93) /usr/src/debug/glibc/glibc/string/../sysdeps/x86_64/multiarch/ifunc-strcasecmp.h
+5 1
+1 4
fe=(92)
-6 2
fi=(93)
+7 3
+4 4
+3 3
+3 4
fe=(92)

fl=(117) /usr/src/debug/glibc/glibc/string/../sysdeps/x86_64/multiarch/strnlen.c
fn=(420) strnlen
32 2
fi=(118) /usr/src/debug/glibc/glibc/string/../sysdeps/x86_64/multiarch/ifunc-avx2.h
+10 4
+2 8
+1 4
+1 6
+4 8
+8 6
+3 8
fe=(117)
-29 2

fl=(140) /usr/src/debug/glibc/glibc/string/../sysdeps/x86_64/multiarch/strcpy.c
fn=(480) strcpy
29 1
fi=(99) /usr/src/debug/glibc/glibc/string/../sysdeps/x86_64/multiarch/ifunc-strcpy.h
+9 2
+1 1
-1 2
+1 2
+4 4
+3 3
+3 3
fe=(140)
-20 1

fl=(217) /usr/src/debug/glibc/glibc/misc/../sysdeps/unix/sysv/linux/getpagesize.c
fn=(766) getpagesize
27 33
+1 132
+2 33

fl=(283)
fn=(1148)
28 2
+1 8
+2 2

fl=(105) /usr/src/debug/glibc/glibc/wcsmbs/../sysdeps/x86_64/multiarch/wmemset.c
fn=(384) wmemset
31 2
fi=(106) /usr/src/debug/glibc/glibc/wcsmbs/../sysdeps/x86_64/multiarch/ifunc-wmemset.h
+5 8
+1 6
+3 4
+8 6
+3 8
fe=(105)
-20 2

fl=(126) /usr/src/debug/glibc/glibc/string/../sysdeps/x86_64/multiarch/strrchr.c
fn=(442) rindex
29 1
fi=(118)
+13 2
+2 4
+1 2
+1 3
+4 4
+8 3
+3 4
fe=(126)
-32 1

fl=(143) /usr/src/debug/glibc/glibc/string/../sysdeps/x86_64/multiarch/strncpy.c
fn=(492) strncpy
29 1
fi=(129) /usr/src/debug/glibc/glibc/string/../sysdeps/x86_64/multiarch/ifunc-strncpy.h
+6 4
+1 3
+4 4
+3 3
+3 5
fe=(143)

fl=(168) /usr/src/debug/glibc/glibc/csu/init-first.c
fn=(588) _init_first
46 5
+5 2
+4 5
+8 1
-2 1
+10 1
-9 1
+1 1
+9 1
-1 1
cfi=(169) /usr/src/debug/glibc/glibc/misc/init-misc.c
cfn=(590) __init_misc
calls=1 -41 
* 57

fl=(188)
fn=(666)
73 6352733
+7 6352733
+1 6352733
+75 5324404
+10 5324404
+1 5324404
+1 5324404
+3 10648808
401 6352733
+1 6352733
+5 6352733
+1 6352733
+1 6352733
+1 6352733
+1 6352733
+3 5789919
+1 5789919
+1 5789919
+1 5789919
+3 5789919
+1 5789919
+1 987363
+1 1974726
+6 562814
+1 562814
+82 562814
+1 562814
+1 562814
+1 562814
+1 562814
+4 40966
+1 40966
+1 40966
+1 40966
+1 40966
+1 40966
+2 40966
+2 40966

fl=(254)
fn=(1002) __condvar_confirm_wakeup
53 693

fn=(974)
451 1287
336 99
fi=(261) /usr/src/debug/glibc/glibc/nptl/../include/atomic_wide_counter.h
50 198
fe=(254)
358 99
-5 99
+1 99
-1 99
+1 99
-1 99
+1 99
+4 99
+10 198
fi=(255) /usr/src/debug/glibc/glibc/nptl/pthread_cond_common.c
186 99
fe=(254)
368 99
cfi=(243)
cfn=(930) __pthread_mutex_unlock_usercnt
calls=99 48 
* 3300
fi=(255)
186 99
fe=(254)
368 99
+1 198
+15 297
fi=(261)
30 99
fe=(254)
387 198
-3 97
fi=(261)
30 97
fe=(254)
387 194
+13 760
+4 279
+34 297
cfn=(1002)
calls=99 53 
* 693
+4 198
cfi=(264) /usr/src/debug/glibc/glibc/nptl/../nptl/pthread_mutex_lock.c
cfn=(1004) __pthread_mutex_cond_lock
calls=99 71 
* 3104
+2 198
+10 1188
-35 485
-4 97
+1 97
+1 97
+1 97
+1 97
cfi=(256) /usr/src/debug/glibc/glibc/nptl/cleanup_compat.c
cfn=(978) _pthread_cleanup_push@@GLIBC_2.34
calls=97 25 
* 679
+2 776
cfi=(257) /usr/src/debug/glibc/glibc/nptl/futex-internal.c
cfn=(980) __futex_abstimed_wait_cancelable64
calls=97 138 
* 6790
+3 194
-3 97
+3 97
cfi=(256)
cfn=(1000) _pthread_cleanup_pop@@GLIBC_2.34
calls=97 40 
* 582
+2 582

fl=(298) /usr/src/debug/glibc/glibc/dlfcn/libc_dlerror_result.c
fn=(1264) __libc_dlerror_result_free
29 16
+1 64
+7 16

fl=(203) /usr/src/debug/glibc/glibc/io/../sysdeps/unix/sysv/linux/read_nocancel.c
fn=(724) __read_nocancel
25 7
+1 28
+1 7

fl=(251) /usr/src/debug/glibc/glibc/nptl/pthread_attr_destroy.c
fn=(950) pthread_attr_destroy
26 16
+10 48
+8 32

fl=(294) /usr/src/debug/glibc/glibc/sunrpc/rpc_thread.c
fn=(1256) __rpc_thread_destroy
20 80
+1 32
+2 32
+15 48

fl=(178) /usr/src/debug/glibc/glibc/setjmp/../sysdeps/x86_64/setjmp.S
fn=(628) __sigsetjmp
31 17
+2 17
+9 17
+1 51
+1 17
+4 17
+1 17
+1 17
+1 17
+1 17
+2 51
+2 17
+1 17
+1 17
+2 51
+2 17
+5 17
+1 17
+17 17
cfi=(179) /usr/src/debug/glibc/glibc/setjmp/sigjmp.c
cfn=(630) __sigjmp_save
calls=17 -57 
* 102

fl=(116) /usr/src/debug/glibc/glibc/wcsmbs/../sysdeps/x86_64/multiarch/wcsnlen.c
fn=(416) wcsnlen
30 1
fi=(115) /usr/src/debug/glibc/glibc/wcsmbs/../sysdeps/x86_64/multiarch/ifunc-wcslen.h
+10 1
+1 4
+1 3
+4 4
+3 3
+3 3
fe=(116)
-22 1

fl=(212) /usr/src/debug/glibc/glibc/stdio-common/_fitoa_word.c
fn=(752) _itoa_word
24 48
+1 48
-1 48
+1 144
+4 96
+9 48
-9 144
+9 2028
+9 96

fl=(247) /usr/src/debug/glibc/glibc/misc/../sysdeps/unix/sysv/linux/clone-internal.c
fn=(940) __clone_internal
97 32
+2 16
-2 128
+2 16
+1 16
cfn=(942) __clone3_internal
calls=16 -26 
* 140
+1 80
+5 16
-42 16
-11 16
+11 16
-2 16
-9 16
+11 32
-2 16
+2 64
cfi=(249) /usr/src/debug/glibc/glibc/misc/../sysdeps/unix/sysv/linux/x86_64/clone.S
cfn=(946) clone
calls=16 -12 
* 304
+45 32
+1 112

fn=(942)
74 16
+6 32
-6 3
+8 1
-8 1
+8 1
cfi=(248) /usr/src/debug/glibc/glibc/misc/../sysdeps/unix/sysv/linux/x86_64/clone3.S
cfn=(944) __clone3
calls=1 -40 
* 16
+1 5
+3 1
-2 1
+6 1
+2 17
-8 15
+6 15
+2 15

fl=(270) /usr/src/debug/glibc/glibc/stdio-common/../sysdeps/posix/tempname.c
fn=(1084) try_file
133 1
+4 1
-2 2
+2 1
-2 2
cfi=(275)
cfn=(1086)
calls=1 30 
* 67

fn=(1068) __gen_tempname
281 2
-94 1
+94 3
-46 1
+46 7
-94 4
+15 2
+20 1
+12 1
cob=(3) ???
cfi=(166) ???
cfn=(686) 0x00000000048df250
calls=1 0 
* 16
+1 3
+1 8
cob=(3)
cfi=(166)
cfn=(1070) 0x00000000048df200
calls=1 0 
* 52
* 4
+23 7
-23 3
+11 6
+14 5
-2 5
-12 5
+12 35
+1 5
-1 5
-12 10
+12 1
-12 1
+12 7
+1 1
-1 1
-12 2
+2 12
+3 1
96 4
cfi=(161) /usr/src/debug/glibc/glibc/stdlib/../sysdeps/unix/sysv/linux/getrandom.c
cfn=(1078) getrandom
calls=1 351 
* 76
* 2
252 6
+12 4
cfn=(1084)
calls=1 133 
* 74
+1 2
+18 8
-16 3
+1 3

fl=(293) /usr/src/debug/glibc/glibc/malloc/thread-freeres.c
fn=(1254) __libc_thread_freeres
31 48
+2 16
cfi=(294)
cfn=(1256)
calls=16 -13 
* 192
+2 16
cfi=(295) /usr/src/debug/glibc/glibc/resolv/res-close.c
cfn=(1258) __res_thread_freeres
calls=16 136 
* 416
+1 16
cfi=(297) /usr/src/debug/glibc/glibc/string/../sysdeps/unix/sysv/linux/tls-internal.c
cfn=(1262) __glibc_tls_internal_free
calls=16 -12 
* 320
+1 16
cfi=(298)
cfn=(1264)
calls=16 -8 
* 96
+5 16
-1 16
cfi=(162) /usr/src/debug/glibc/glibc/malloc/arena.c
cfn=(1266) __malloc_arena_thread_freeres
calls=16 857 
* 352

fl=(221) /usr/src/debug/glibc/glibc/misc/sbrk.c
fn=(792) sbrk
37 10
+6 4
-3 4
+18 4
+4 4
+4 1
+1 1
-1 3
+8 1
cfi=(222) /usr/src/debug/glibc/glibc/misc/../sysdeps/unix/sysv/linux/brk.c
cfn=(794) brk
calls=1 -38 
* 9
-24 4
+28 7
-19 2
cfi=(222)
cfn=(794)
calls=1 -23 
* 9
* 2
+6 4

fl=(245) /usr/src/debug/glibc/glibc/libio/genops.c
fn=(934) _IO_enable_locks
544 1
+3 3
1093 1
549 1
+1 5
+1 7
1107 1
550 2
+1 14
1107 2
550 4
+2 1

fn=(1334) _IO_cleanup
888 9
+1 1
cfn=(1336) _IO_flush_all
calls=1 710 
* 219
-73 2
+73 1
-73 3
cfi=(306) /usr/src/debug/glibc/glibc/nptl/libc-cleanup.c
cfn=(1338) __libc_cleanup_push_defer
calls=1 24 
* 13
+1 11
+3 4
fi=(309) /usr/src/debug/glibc/glibc/libio/libioP.h
1045 2
fe=(245)
838 9
+2 6
+20 3
+2 18
+1 3
-43 9
+4 3
+1 45
+8 6
+2 9
+27 21
-37 1
+42 5
+1 2
cfi=(306)
cfn=(1340) __libc_cleanup_pop_restore
calls=1 54 
* 10
+33 8
-34 4

fn=(1336)
710 5
+5 1
-5 4
+5 4
cfi=(306)
cfn=(1338)
calls=1 24 
* 13
+1 11
+3 4
-8 1
fi=(309)
1045 2
fe=(245)
722 39
+4 6
+2 9
+16 18
+1 3
-26 9
+2 3
+1 6
+6 9
+7 9
+1 12
+8 21
-22 1
+27 5
+1 2
cfi=(306)
cfn=(1340)
calls=1 54 
* 10
+4 8
-5 4

fl=(269)
fn=(1066)
32 1
+1 4
cfi=(270)
cfn=(1068)
calls=1 281 
* 399

fl=(107) /usr/src/debug/glibc/glibc/string/../sysdeps/x86_64/multiarch/strcat.c
fn=(388) strcat
29 1
fi=(99)
+9 2
+1 1
-1 2
+1 2
+4 4
+3 3
+3 3
fe=(107)
-20 1

fl=(179)
fn=(630)
28 17
+2 34
-1 17
+5 34

fl=(196)
fn=(704)
32 48
+1 40
fi=(197) /usr/src/debug/glibc/glibc/posix/../sysdeps/unix/sysv/linux/x86/../sysconf.c
+16 80
fe=(196)
-12 48
fi=(198) /usr/src/debug/glibc/glibc/posix/../sysdeps/posix/sysconf.c
+23 89
633 7
cfi=(199) /usr/src/debug/glibc/glibc/misc/../sysdeps/unix/sysv/linux/getsysstats.c
cfn=(710) get_nprocs
calls=7 215 
* 3430
* 14
60 2
221 1
cfi=(217)
cfn=(766)
calls=1 27 
* 6
* 2
fe=(196)

fl=(288)
fn=(1234)
39 5
+1 1
+2 1
+1 4
fi=(255)
186 2
-70 3
+70 1
-69 2
+2 4
fi=(261)
-89 1
fe=(288)
+21 3
+5 1
-5 1
+5 1
-5 1
+5 3
fi=(255)
161 2
+51 1
fe=(288)
52 4
fi=(255)
212 1
+1 1
-1 1
+1 3
-62 2
fe=(288)
-63 4
fi=(261)
-31 2
fi=(255)
+3 6
235 1
+6 2
+4 1
-70 1
-1 3
+2 2
+1 1
-1 2
+73 3
+5 1
fe=(288)
75 1
+2 1
fi=(255)
+74 6
+1 1
-1 2
fi=(262) /usr/src/debug/glibc/glibc/nptl/../sysdeps/nptl/futex-internal.h
+38 8
fe=(288)

fl=(104) /usr/src/debug/glibc/glibc/wcsmbs/../sysdeps/x86_64/multiarch/wcscat.c
fn=(380) wcscat
31 1
fi=(97) /usr/src/debug/glibc/glibc/wcsmbs/../sysdeps/x86_64/multiarch/ifunc-wcs.h
+8 2
+1 4
+1 3
+4 3
+3 5
fe=(104)

fn=(436) wcschr
31 2
fi=(124) /usr/src/debug/glibc/glibc/wcsmbs/../sysdeps/x86_64/multiarch/ifunc-avx2.h
+11 4
+2 8
+1 4
+1 6
+4 8
+8 6
+3 10
fe=(104)

fl=(112) /usr/src/debug/glibc/glibc/debug/../sysdeps/x86_64/multiarch/memcpy_chk.c
fn=(404) __memcpy_chk
29 1
fi=(101) /usr/src/debug/glibc/glibc/debug/../sysdeps/x86_64/multiarch/ifunc-memmove.h
+27 1
+1 1
-1 1
+1 2
+3 3
+14 2
+3 2
+8 2
+8 2
+3 5
fe=(112)

fl=(128) /usr/src/debug/glibc/glibc/string/../sysdeps/x86_64/multiarch/stpncpy.c
fn=(450) stpncpy
31 1
fi=(129)
+4 4
+1 3
+4 4
+3 3
+3 5
fe=(128)

fl=(138) /usr/src/debug/glibc/glibc/string/../sysdeps/x86_64/multiarch/memcmp.c
fn=(476) bcmp
29 2
fi=(139) /usr/src/debug/glibc/glibc/string/../sysdeps/x86_64/multiarch/ifunc-memcmp.h
+5 12
+1 4
+2 6
+4 8
+3 6
+3 10
fe=(138)

fl=(209) /usr/src/debug/glibc/glibc/stdio-common/Xprintf_buffer_write.c
fn=(746) __printf_buffer_write
27 149
+1 447
-1 745
+4 560
+2 655
+3 131
fi=(310) /usr/src/debug/glibc/glibc/stdio-common/../string/bits/string_fortified.h
-7 131
fe=(209)
+8 262
fi=(310)
-8 131
fe=(209)
+12 131
fi=(310)
-12 131
cfi=(202)
cfn=(722)
calls=131 255 
* 1924
fe=(209)
+11 393
-9 262
+2 393
+2 393
+9 447

fl=(226)
fn=(816)
30 2
+9 8
+33 2

fl=(271) /usr/src/debug/glibc/glibc/string/../sysdeps/x86_64/multiarch/strspn-sse4.c
fn=(1072) __strspn_sse42
63 1
+1 2
+8 4
+41 1
+2 1
-2 1
fi=(272) /usr/lib/gcc/x86_64-pc-linux-gnu/16/include/emmintrin.h
707 1
fi=(311) /usr/lib/gcc/x86_64-pc-linux-gnu/16/include/tmmintrin.h
138 3
fi=(273) /usr/lib/gcc/x86_64-pc-linux-gnu/16/include/smmintrin.h
634 2
fe=(271)
119 4
fi=(272)
1342 1
fe=(271)
123 1
fi=(272)
1462 1
fe=(271)
123 1
+1 2
-49 1
fi=(272)
1342 1
fe=(271)
75 1
fi=(272)
1342 2
1462 1
fe=(271)
80 1
+1 2
+2 1
fi=(272)
707 1
fe=(271)
85 1
fi=(272)
707 1
fi=(311)
138 1
fe=(271)
-53 2
fi=(273)
687 1
fe=(271)
135 1
+1 4
-10 2

fl=(303)
fn=(1300)
45 4
+3 4
-3 16
+3 6
+3 8
+4 14
-4 6
+57 8
+4 12
-4 6
+11 4
+1 4
cfi=(304) /usr/src/debug/glibc/glibc/posix/register-atfork.c
cfn=(1302) __unregister_atfork
calls=2 -38 
* 36
+1 8
+1 16

fl=(110) /usr/src/debug/glibc/glibc/string/../sysdeps/x86_64/multiarch/memcpy.c
fn=(396) memcpy@@GLIBC_2.14
29 2
fi=(95) /usr/src/debug/glibc/glibc/string/../sysdeps/x86_64/multiarch/ifunc-memmove.h
+27 2
+1 2
-1 2
+1 4
+3 6
+14 4
+3 4
+8 4
+8 4
+3 10
fe=(110)

fl=(94) /usr/src/debug/glibc/glibc/string/../sysdeps/x86_64/multiarch/mempcpy.c
fn=(360) mempcpy
33 1
fi=(95)
+23 1
+1 1
-1 1
+1 2
+3 3
+14 2
+3 2
+8 2
+8 2
+3 5
fe=(94)

fl=(100) /usr/src/debug/glibc/glibc/debug/../sysdeps/x86_64/multiarch/memmove_chk.c
fn=(372) __memmove_chk
29 1
fi=(101)
+27 1
+1 1
-1 1
+1 2
+3 3
+14 2
+3 2
+8 2
+8 2
+3 5
fe=(100)

fl=(98) /usr/src/debug/glibc/glibc/string/../sysdeps/x86_64/multiarch/stpcpy.c
fn=(368) stpcpy
33 1
fi=(99)
+5 2
+1 1
-1 2
+1 2
+4 4
+3 3
+3 3
fe=(98)
-16 1

fl=(190)
fn=(678)
30 8
+1 4
-1 4
+1 12
cfi=(191) /usr/src/debug/glibc/glibc/posix/getopt.c
cfn=(680) _getopt_internal
calls=4 706 
* 3518
+2 8

fl=(266) /usr/src/debug/glibc/glibc/io/../sysdeps/unix/sysv/linux/fstatat64.c
fn=(1026) fstatat
146 400000
-55 400000
+70 600000
+1 200000

fl=(236) /usr/src/debug/glibc/glibc/signal/../sysdeps/unix/sysv/linux/libc_sigaction.c
fn=(906) __libc_sigaction
43 8
+5 2
fi=(237) /usr/src/debug/glibc/glibc/signal/../string/bits/string_fortified.h
-19 1
fe=(236)
+21 1
+8 1
fi=(237)
-29 2
fe=(236)
+21 1
+3 1
fi=(237)
-24 2
fe=(236)
+24 1
+5 1
fi=(237)
-29 2
fe=(236)
+29 1
-5 2
fi=(237)
-24 2
fe=(236)
+24 1
fi=(237)
-24 6
fe=(236)
+29 1
fi=(237)
-29 1
fe=(236)
+29 6
+5 2
+8 6

fl=(286) /usr/src/debug/glibc/glibc/stdlib/cxa_thread_atexit_impl.c
fn=(1218) __call_tls_dtors
148 85
+1 17
-1 17
+1 51
+16 68

fl=(175)
fn=(608) __internal_atexit
36 21
+5 9
+2 21
+1 6
cfn=(610) __new_exitfn
calls=3 +36 
* 96
+2 6
+6 3
+3 3
+2 3
-3 3
-2 3
+4 3
-4 3
+1 3
+4 12
+1 3
+1 18

fn=(606)
67 3
+1 6
cfn=(608)
calls=3 -32 
* 216

fn=(610)
80 3
+6 6
-6 12
+11 12
-10 6
+12 6
+1 8
-1 6
-2 1
+10 1
-10 3
+13 4
+25 2
+1 4
-1 4
+7 2
+1 2
+4 6
-5 1
+1 1
+4 3
-18 1
-1 1
+12 1

fl=(147) /usr/src/debug/glibc/glibc/string/../sysdeps/x86_64/multiarch/strspn.c
fn=(504) strspn
29 1
fi=(312) /usr/src/debug/glibc/glibc/string/../sysdeps/x86_64/multiarch/ifunc-sse4_2.h
+7 5
fe=(147)
-7 1

fl=(164) ???
fn=(560) __popcountdi2
0 21

fl=(220) /usr/src/debug/glibc/glibc/malloc/morecore.c
fn=(790) __glibc_morecore
25 2
+1 4
-1 4
+4 2
cfi=(221)
cfn=(792)
calls=2 +8 
* 69
-2 2
+7 2
-7 4
+7 2

fl=(133) /usr/src/debug/glibc/glibc/string/../sysdeps/x86_64/multiarch/strcasecmp.c
fn=(460) strcasecmp
31 1
fi=(93)
+5 1
+1 4
fe=(133)
-6 2
fi=(93)
+7 3
+4 4
+3 3
+3 4
fe=(133)

fl=(199)
fn=(710)
215 14
+1 7
-1 7
+1 7
cfn=(712) read_sysfs_file
calls=7 -77 
* 3367
+1 14
+5 14

fn=(712)
139 7
+9 7
-9 21
+11 7
-11 7
+4 7
-4 21
+4 7
+1 7
+4 7
cfi=(200) /usr/src/debug/glibc/glibc/io/../sysdeps/unix/sysv/linux/open64_nocancel.c
cfn=(714) __open_nocancel
calls=7 28 
* 189
+3 14
+39 56
-37 56
cfn=(716) next_line
calls=7 -94 
* 833
* 7
+1 28
+27 7
-1 7
+1 14
+3 14
-26 28
cfi=(204) /usr/src/debug/glibc/glibc/stdlib/../stdlib/strtol.c
cfn=(726) __isoc23_strtoul
calls=7 -33 
* 840
+1 7
-1 7
+1 14
+7 14
+12 21
+3 28
+5 14
cfi=(206) /usr/src/debug/glibc/glibc/io/../sysdeps/unix/sysv/linux/close_nocancel_nostatus.c
cfn=(730) __close_nocancel_nostatus
calls=7 25 
* 28
* 14
-18 7
+1 28
cfi=(204)
cfn=(726)
calls=7 -44 
* 952
+1 21
+7 21

fn=(716)
59 70
+2 7
-1 7
-1 14
+2 21
-2 7
+2 21
cob=(3)
cfi=(166)
cfn=(718) 0x00000000048df210
calls=7 -61 
* 49
+1 14
+40 14
+1 21
-29 21
+32 63
-42 14
+2 14
fi=(201) /usr/src/debug/glibc/glibc/misc/../string/bits/string_fortified.h
-30 35
cfi=(202)
cfn=(722)
calls=7 255 
* 91
fe=(199)
+33 7
+3 14
-3 21
+1 7
+2 21
cfi=(203)
cfn=(724)
calls=7 -47 
* 42
+1 14
+3 7
+2 7
-2 7
+2 14
-2 7
+2 21
cob=(3)
cfi=(166)
cfn=(718)
calls=7 -78 
* 147
+1 14

fl=(244) /usr/src/debug/glibc/glibc/nptl/nptl-stack.c
fn=(1278) __nptl_free_stacks
58 60
+7 12
-7 12
+7 12
-7 12
+7 96
+5 36
-41 12
+40 12
fi=(313) /usr/src/debug/glibc/glibc/nptl/../include/list.h
-14 36
+1 12
fe=(244)
-19 12
+41 12
-2 36
+2 24
+6 36
cob=(1)
cfi=(58) /usr/src/debug/glibc/glibc/elf/../elf/dl-tls.c
cfn=(1280) _dl_deallocate_tls
calls=12 746 
* 3253
+4 36
cfi=(234)
cfn=(890)
calls=12 +29 
* 72
* 24
+4 48
+4 60

fn=(1276) __nptl_deallocate_stack
123 48
+1 32
-1 32
+1 48
+4 16
-99 16
fi=(313)
+26 48
+1 16
fe=(244)
-19 16
+69 32
+28 32
-28 32
-62 64
fi=(313)
-1 16
+1 16
-1 16
+2 16
+2 16
fe=(244)
+5 16
+64 16
-1 48
+1 32
+32 64
+1 32
-31 12
cfn=(1278)
calls=12 -60 
* 3925
* 24

fn=(932) __nptl_stack_list_add
43 16
+1 64
fi=(313)
-1 16
+1 16
-1 16
+2 16
+2 16
fe=(244)
+5 16
+1 16

fl=(252) /usr/src/debug/glibc/glibc/stdio-common/snprintf.c
fn=(956) snprintf
26 192
+4 16
+1 32
-1 80
+1 16
cfi=(207)
cfn=(958) __vsnprintf_internal
calls=16 +62 
* 8320
+4 80

fl=(260)
fn=(990)
35 102
+1 102
+5 102
+1 306
-7 204
fi=(255)
186 102
-70 102
+70 102
fe=(260)
35 306
fi=(255)
+81 102
+1 204
+2 408
fi=(261)
-89 102
fe=(260)
+37 306
+8 102
-8 204
+8 306
+8 142
+1 71
fi=(255)
+67 426
fe=(260)
-68 12
+1 12
fi=(255)
+67 72
+1 83
-1 166
fi=(262)
+38 747
fe=(260)
-94 408
fi=(255)
+66 62
+51 31
fe=(260)
68 124
fi=(255)
212 31
+1 31
-1 31
+1 93
-62 114
+1 19
-1 38
fi=(261)
-94 24
fi=(255)
+3 72
235 12
+6 24
-6 12
+10 12
-71 12
+71 12
-70 12
-1 24
+2 24
+1 12
-1 24
+73 12
-12 12
+17 12
-17 36
fe=(260)

fl=(184)
fn=(652)
52 200044
+13 200044
+1 200044
+1 200044
+3 200044
+2 200044
+1 200044
+3 198336
+1 198336
+8 198336
+1 198336
+1 198335
+5 396670
+26 733
+13 733
+1 733
+1 733
+6 1466
+82 1
+15 1
+6 1
+1 1
+1 1
-8 732
+6 732
+1 732
+1 732
511 1708
+1 1708
+1 1708
+3 1708
+15 1708
+1 1708
+1 976
+7 1952

fl=(183)
fn=(646)
193 29
+1 58
+5 29
+1 29
+1 29
+1 29
+1 29
+21 29
+1 29
+6 25
+1 25
+12 25
+3 25
+1 25
+12 25
+1 25
+13 25
+1 25
+2 25
+3 25
+3 25
+3 25
+1 25
+1 25
+1 25
+1 25
+1 25
+1 25
-6 14
+1 14
+1 14
+1 14
+1 14
+1 14
+1 39
+3 25
+1 25
+1 25
+1 25
+3 50
+15 4
+1 4
+1 3
+1 3
+1 3
+1 1572867
+5 3
+2 6
432 1
+1 1
+2 1
+1 1
+3 1
+1 1
+1 1
+1 1
+1 1
+1 1
+1 1
-6 18748
+1 18748
+1 18748
+1 18748
+1 18748
+1 18748
+1 18748
+1 1
+1 1
+1 1
+1 1
+1 1
+1 2

fl=(218)
fn=(772)
47 97
+3 194
-3 582
+6 194
+5 582
+2 248
-2 105
-7 35
+9 140
-7 485

fl=(264)
fn=(1004)
71 99
+3 99
+2 99
+2 297
-7 297
+10 99
+2 198
+4 396
+1 297
+70 99
+5 99
-59 99
+62 198
-62 28
-17 112
cfi=(263) /usr/src/debug/glibc/glibc/nptl/lowlevellock.c
cfn=(998) __lll_lock_wait
calls=28 -46 
* 504
* 84

fl=(206)
fn=(730)
25 7
+1 14
+1 7

fl=(202)
fn=(722)
255 1000177
+1 1000177
+6 1000177
+1 1000177
+2 2
+1 2
+1 2
+38 1000175
+1 1000175
+2 200159
+1 200159
+2 92
+4 92
+1 74
+1 74
+1 67
+1 67
+1 14
+1 14
+2 14
+2 14
-2 53
+2 60
+6 18
+1 18
+1 18
+1 18
+1 18
+7 800016
+1 800016
+1 800016
+1 800016
+2 800016
+17 200067
+1 200067
+1 200067
+1 200067
+1 200067
+18 2
+1 2
563 1
+7 1
+1 1
+30 2
+1 2
+4 2
+2 2
+3 2
+4 2
+1 2
+4 1
+4 1
+24 1
+2 1
+2 1
+2 1
+3 1
+1 1
+2 66521
+3 1
+2 1
+2 2
+17 1
+1 1
+1 1
+5 1
+1 1
+1 1
+7 1
+6 1
+2 1
+8 1
+1 1
+2 1
+2 1
+2 1
+2 1
+8 1
+1 1
+1 1
+1 1
+5 1
+1 1
+1 1
+3 1
+2 2
+5 1
+2 2
+1 2
+1 2
+1 2
+2 4
+1 4
+1 1
+2 4
+1 4
+1 1
+1 1
+1 1
-15 194
+2 388
+1 388
+1 388
+1 388
+2 776
+1 776
+1 194
+2 776
+1 776
+1 194
+1 194
+1 194
-13 12090
+1 12090
+1 12090
+1 12090
+2 24180
+1 24180
+1 6045
+2 24180
+1 24180
+1 6045
+1 6045
+1 6045
+1 195
+1 195
+1 195
+1 195
+1 1
+3 1
+1 1
+5 38
+1 38
+1 19
+1 19
+1 19
+1 19
+1 19
+1 19
+1 19
+1 19
+1 19
+1 19
+1 19
+1 19
+1 19
+4 1
+1 1
+1 1
+1 1
+2 1
+1 1
+1 1
+1 1
+1 2

fl=(259) /usr/src/debug/glibc/glibc/nptl/../sysdeps/unix/sysv/linux/x86_64/syscall_cancel.S
fn=(984) __syscall_cancel_arch
31 400932
+6 400932
+1 400932
+1 400932
+4 400932
+1 400932
+1 400932
+1 400932
+1 400932
+1 400932
+1 400932
+1 400932
+1 400932
+1 400932
+4 400932

fl=(186)
fn=(662)
55 8000020
+4 3200008
+2 1600004
+4 2400006
+3 2400006
+2 2000005
fi=(187) /usr/src/debug/glibc/glibc/string/../string/bits/string_fortified.h
-11 400001
fe=(186)
+25 400001
fi=(187)
-25 400001
fe=(186)
+20 1200003
fi=(187)
-20 12800032
fe=(186)
+29 400001
fi=(187)
-29 800002
fe=(186)
+30 2400006
-1 1200003
+4 2400006
+1 400001
+2 800002
-3 400001
-7 400001
+34 400001
-27 2000005
+8 400001
+1 2400006
+2 800002
-3 2407977
+1 14447862
+2 10415906
+4 407963
+1 815926
+5 2
+10 1
-28 2415930
-29 800002
+29 800002
-29 800002
+60 4800012
-11 4
cfi=(188)
cfn=(666)
calls=1 -42 
* 22
* 2
+4 6
-47 800002
+1 400001
-1 2400006
+1 12000070
+1 22400136
-1 11200068
+2 800002

fl=(232)
fn=(866)
31 1
+3 2
-3 4
+13 1
+6 1
cfi=(163)
cfn=(868)
calls=1 3137 
* 128
+2 1
+1 2
-1 1
cfi=(233) /usr/src/debug/glibc/glibc/io/../sysdeps/unix/sysv/linux/close_nocancel.c
cfn=(876) __close_nocancel
calls=1 -27 
* 6

fl=(141) /usr/src/debug/glibc/glibc/string/../sysdeps/x86_64/multiarch/strcasecmp_l.c
fn=(484) strcasecmp_l
31 1
fi=(93)
+5 1
+1 4
fe=(141)
-6 2
fi=(93)
+7 3
+4 4
+3 3
+3 4
fe=(141)

fl=(176) /usr/src/debug/glibc/glibc/csu/../sysdeps/nptl/libc_start_call_main.h
fn=(624) (below main)
30 6
+15 4
cfi=(177) /usr/src/debug/glibc/glibc/setjmp/../sysdeps/x86_64/bsd-_setjmp.S
cfn=(626) _setjmp
calls=1 -17 
* 34
* 1
+2 2
+5 2
+1 2
+3 2
+3 5
cob=(5)
cfi=(180)
cfn=(632)
calls=1 +47 
* 411645180

fl=(230) /usr/src/debug/glibc/glibc/misc/../sysdeps/unix/sysv/linux/setvmaname.c
fn=(852) __is_decorate_maps_enabled
33 148
+1 187
+3 4
cob=(1)
cfi=(12) /usr/src/debug/glibc/glibc/elf/dl-tunables.c
cfn=(54) __tunable_get_val
calls=1 610 
* 18
* 3
+5 1
+1 1
+7 3
-7 36
+7 182

fn=(850) __set_vma_name
60 370
+1 37
cfn=(852)
calls=37 -28 
* 583
* 74
+9 222

fl=(205) /usr/src/debug/glibc/glibc/stdlib/../stdlib/strtol_l.c
fn=(728) ____strtoul_l_internal
238 98
+26 28
+28 14
-35 14
+38 56
+9 28
-3 14
+3 84
+2 42
+5 28
-1 56
+10 42
+15 14
+10 14
-87 7
+87 14
449 42
-59 7
+4 7
-1 7
+96 7
-99 7
+1 7
+86 7
-86 7
+87 7
-87 14
-1 7
+4 7
-1 7
+96 7
-99 7
+1 7
+86 7
-86 7
+87 7
-87 14
+93 21
+5 21
+1 63
-41 84
+2 70
+2 105
+7 28
+17 28
+4 63
+3 42
+11 28
+5 42
+1 14
+23 70
-11 56
+33 84
342 14
-20 14
+5 28
+15 14
+3 28
-87 21
395 21

fl=(191)
fn=(680)
706 8
+4 4
-1 8
-3 4
+3 4
+3 4
-3 4
+3 12
-3 4
+3 4
cfn=(682) _getopt_internal_r
calls=4 474 
* 3418
+4 8
+1 4
-1 4
+1 8
+1 12
+3 8

fn=(682)
474 24
+3 8
+5 36
-7 4
+5 8
+2 20
-91 2
+1 1
+3 3
+5 2
+5 3
+79 3
+9 3
-9 9
+4 12
+5 10
-5 8
+11 12
+2 8
+3 12
+24 28
+29 6
700 12
557 9
+10 6
+2 6
+22 4
+14 4
+6 2
+1 2
-1 8
+1 10
cob=(3)
cfi=(166)
cfn=(692) 0x00000000048df340
calls=2 0 
* 46
+3 14
+1 2
+2 10
+9 6
+27 6
+46 6
549 4
-71 2
+31 12
+9 27
+10 3
-8 8
651 3
cfn=(696) process_long_option
calls=1 198 
* 299
* 7
405 4
cfi=(192)
cfn=(684)
calls=1 25 
* 2615
* 4
+5 1
+77 1
-4 1
630 1
+26 2
-24 1
+39 2
+7 2
+16 4
+1 6
512 8
+1 6
676 5
408 1
+85 2
+25 2
+56 1
-1 1
+1 2
-1 1
+1 5

fn=(696)
198 17
+8 76
+2 2
+4 12
+1 4
cob=(3)
cfi=(166)
cfn=(688) 0x00000000048df2f0
calls=1 0 
* 36
* 8
cob=(3)
cfi=(166)
cfn=(688)
calls=2 0 
* 69
* 6
+1 2
cob=(3)
cfi=(166)
cfn=(686)
calls=1 0 
* 16
* 2
-2 10
333 1
+6 1
-5 1
-1 2
+2 2
+33 3
+2 1
+2 1
-2 2
+6 11
-24 2
+2 2
+1 7
230 3

fl=(243)
fn=(928)
357 232
+1 464
cfn=(930)
calls=232 48 
* 6735

fn=(930)
48 331
+3 331
+1 662
+3 662
-7 993
+12 331
+1 662
-22 331
+1 1324
+28 331
+26 331
-24 331
+24 331
-51 1538
cfi=(263)
cfn=(1006) __lll_lock_wake
calls=107 +20 
* 749
* 214
+20 464
+9 34
+3 51
+3 34

fl=(248)
fn=(944)
42 1
+2 1
+1 1
+1 1
+1 1
+1 1
+4 1
+3 1
+5 1
+2 1
+1 1
+23 5

fl=(160) /usr/src/debug/glibc/glibc/nptl/pthread_mutex_conf.c
fn=(552) __pthread_tunables_init
55 2
+1 1
-1 2
+1 5
cob=(1)
cfi=(12)
cfn=(54)
calls=1 610 
* 18
+2 4
cob=(1)
cfi=(12)
cfn=(54)
calls=1 610 
* 17
+2 4
cob=(1)
cfi=(12)
cfn=(54)
calls=1 610 
* 18
+2 5

fl=(204)
fn=(726)
125 14
+1 70
cfi=(205)
cfn=(728)
calls=14 238 
* 1708

fl=(263)
fn=(998)
41 60
+1 60
+3 124
+3 30
fi=(262)
+78 240
-45 30
fe=(263)

fn=(1006)
63 107
+1 535
+1 107

fl=(265)
fn=(1024)
28 400000
+1 800000
cfi=(266)
cfn=(1026)
calls=200000 146 
* 1600000

fl=(144) /usr/src/debug/glibc/glibc/string/../sysdeps/x86_64/multiarch/memmove.c
fn=(496) memmove
29 1
fi=(95)
+27 1
+1 1
-1 1
+1 2
+3 3
+14 2
+3 2
+8 2
+8 2
+3 5
fe=(144)

fl=(242)
fn=(926)
71 232
+3 232
+2 232
+2 696
-7 696
+10 232
+2 464
-39 215
+1 430
+3 860
+40 645
+70 232
+2 232
+3 232
-59 232
+62 464
45 430
+45 34
+5 34
+9 2
-56 4
cfi=(263)
cfn=(998)
calls=2 -7 
* 40
* 6
-4 17
+1 68
+65 51
+1 34
-63 68

fl=(108) /usr/src/debug/glibc/glibc/debug/../sysdeps/x86_64/multiarch/memset_chk.c
fn=(392) __memset_chk
29 1
fi=(109) /usr/src/debug/glibc/glibc/debug/../sysdeps/x86_64/multiarch/ifunc-memset.h
+32 5
+3 3
+16 2
+4 4
+8 2
fe=(108)
-63 1
fi=(109)
+71 2
-48 1
+1 2
fe=(108)

fl=(192)
fn=(684)
25 20
+4 2
+13 4
+1 8
+3 4
cob=(3)
cfi=(166)
cfn=(686)
calls=2 -46 
* 32
* 2
+1 570
+2 568
+1 1136
-1 2
+1 4
+5 1707
+1 72
cob=(3)
cfi=(166)
cfn=(688)
calls=18 -56 
* 492
* 38
+98 1
-97 1
+97 7
-85 3
+85 1
44 1
154 7

fl=(228)
fn=(830)
70 600009
+1 600009
-1 400006
+1 400006
-35 200003
+24 200003
-24 400006
+25 600006
+1 400004
+11 800012
+2 600009
-32 984
-9 738
+9 738
cfi=(229) /usr/src/debug/glibc/glibc/dirent/../sysdeps/unix/sysv/linux/getdents64.c
cfn=(832) getdents64
calls=246 -16 
* 2214
+1 1230
+10 980
-4 2
+2 2
-1 3

fl=(287)
fn=(1226)
26 1
+2 4
+4 1

fl=(130) /usr/src/debug/glibc/glibc/wcsmbs/../sysdeps/x86_64/multiarch/wmemchr.c
fn=(454) wmemchr
31 2
fi=(131) /usr/src/debug/glibc/glibc/wcsmbs/../sysdeps/x86_64/multiarch/ifunc-evex.h
+10 4
+1 8
+1 6
+4 8
+13 6
+3 8
fe=(130)
-32 2

fl=(194) /usr/src/debug/glibc/glibc/string/../sysdeps/x86_64/multiarch/strchr-avx2.S
fn=(694) __strchr_avx2
53 2
+2 2
+1 2
+1 2
+1 2
+1 2
+3 2
+1 2
+4 2
+1 2
+1 2
+1 2
+1 2
+1 2
+1 2
+1 2
+3 2
+8 2
+2 2
+2 4

fn=(744) __strchrnul_avx2
53 99
+2 99
+1 99
+1 99
+1 99
+1 99
+3 99
+1 99
+4 99
+1 99
+1 99
+1 99
+1 99
+1 99
+1 99
+1 99
+13 99
+2 198

fl=(231) /usr/src/debug/glibc/glibc/misc/../sysdeps/unix/sysv/linux/mremap.c
fn=(860) mremap
32 88
+4 22
+6 33
+7 55
+2 55

fl=(132) /usr/src/debug/glibc/glibc/string/../sysdeps/x86_64/multiarch/strncmp.c
fn=(458) strncmp
67 1
-24 1
+1 4
+23 2
-22 3
+4 4
+3 3
+3 4

fl=(142) /usr/src/debug/glibc/glibc/string/../sysdeps/x86_64/multiarch/strlen.c
fn=(488) strlen
30 2
fi=(118)
+12 4
+2 8
+1 4
+1 6
+4 8
+8 6
+3 8
fe=(142)
-31 2

fl=(136) /usr/src/debug/glibc/glibc/string/../sysdeps/x86_64/multiarch/strncase_l.c
fn=(468) strncasecmp_l
31 1
fi=(93)
+5 1
+1 4
fe=(136)
-6 2
fi=(93)
+7 3
+4 4
+3 3
+3 4
fe=(136)

fl=(163)
fn=(842)
3190 28
+7 28
-7 56
+11 28
4535 14
+1 14
-1 14
+1 14
-1 28
+2 3
3230 28
-22 14
+22 70
+4 28
1139 14
+2 70
3241 28
fi=(162)
151 3
fe=(163)
3266 2
+14 1
+16 3
4538 14
3216 28
+2 8
+1 8
+1 2
+76 6
-28 5
cfn=(846) _int_realloc
calls=1 4262 
* 66984
* 1
+1 5
1252 65
2659 39
1259 13
+7 13
2669 13
1259 13
+7 13
-7 13
+14 39
2670 13
1273 13
2669 13
+1 13
-1 26
+1 52
+4 65
+3 26
+3 99
cfi=(231)
cfn=(860)
calls=11 32 
* 253
+3 44
-3 11
+3 11
+5 33
1282 11
-2 11
+1 11
+1 55
2694 55
+2 51
3248 33
+48 66
2659 39
3251 12

fn=(848) sysmalloc_mmap
2072 5
+4 20
-4 15
+4 5
-4 5
+2 10
+2 5
-4 5
+2 5
+2 5
-4 5
+4 5
cfi=(218)
cfn=(772)
calls=5 47 
* 130
* 5
+3 10
+2 10
1281 5
+1 5
2089 5
1282 10
2089 15
+1 21
+3 15
+1 17
+4 5
+1 35
1740 10
2084 20
cfi=(230)
cfn=(850)
calls=5 60 
* 198
1281 10

fn=(854) _int_free_merge_chunk
4105 12
+7 10
-6 2
+9 6
+5 6
+4 4
-1 2
+1 4
1723 6
4131 4
+11 8
cfn=(856) _int_free_create_chunk
calls=2 +14 
* 16
+87 4
-85 14
cfn=(858) _int_free_maybe_trim.part.0
calls=2 +81 
* 69
-29 10

fn=(874) systrim.constprop.0
2571 3
+2 1
+1 2
+4 1
+1 1
-1 2
+3 4
+2 2
-8 1
+48 1

fn=(924) __libc_calloc2
3429 128
+6 32
+32 48
cfn=(786) _int_malloc
calls=16 3583 
* 1888
+2 96
+13 64
+9 16
+3 64
+9 16
-12 16
+12 32
+3 80
+4 16
fi=(314) /usr/src/debug/glibc/glibc/malloc/../sysdeps/generic/calloc-clear-memory.h
28 32
+2 32
fe=(163)
3438 128
+7 16
+8 16
-7 32
+7 32
+16 16
fi=(162)
151 32
fe=(163)
3469 48
+3 32
+39 16
fi=(300) /usr/src/debug/glibc/glibc/malloc/../string/bits/string_fortified.h
59 32
fe=(163)
3511 80
fi=(300)
59 16
cfi=(183)
cfn=(646)
calls=16 193 
* 576
fe=(163)

fn=(784) __libc_malloc2
3067 138
+4 46
-4 92
+4 46
+8 99
+2 33
cfn=(786)
calls=11 3583 
* 1696
+3 22
+8 44
+2 33
fi=(162)
151 24
fe=(163)
3094 27
+3 138
-24 105
cfn=(786)
calls=35 3583 
* 4474
+1 175
fi=(162)
151 68
fe=(163)

fn=(786)
3583 126
-28 63
1139 189
3555 252
1141 188
3592 124
+16 124
+54 49
+13 378
3831 63
-2 126
+2 14
+3 7
-3 7
+3 14
1716 189
3592 4
1141 1
3611 1
+2 1
-2 1
+2 2
4047 252
3662 148
-52 385
+1 55
+2 55
-2 55
+2 278
3902 63
+1 63
+1 63
-1 63
+1 63
+1 126
+1 189
+5 504
+7 835
-3 690
4015 63
+1 126
+2 126
+3 189
+5 57
-2 57
+2 57
-1 57
+1 57
-3 57
+3 57
+2 57
-2 228
+2 57
1716 57
4031 57
1716 114
4041 24
cfn=(788) sysmalloc
calls=6 2132 
* 1008
+1 12
1716 18

fn=(846)
4262 4
+11 12
+8 2
+2 1
+1 3
+1 4
+4 2
+84 4
-74 2
+24 7
cfn=(786)
calls=1 3583 
* 287
* 1
+1 2
+3 1
+6 3
+8 1
fi=(300)
29 2
fe=(163)
4340 2
+1 2
fi=(300)
29 1
cfi=(202)
cfn=(722)
calls=1 255 
* 66552
fe=(163)
4342 5
cfn=(854)
calls=1 4105 
* 78
+2 2
-44 1
+1 1
-2 2

fn=(888) munmap_chunk
2627 2
+3 2
-3 2
+3 4
1259 2
+7 2
+7 2
2632 2
1259 2
+7 2
+7 2
2628 2
1273 2
2640 8
+1 2
-1 2
+1 8
+3 2
+1 6
+6 2
-1 4
cfi=(234)
cfn=(890)
calls=2 117 
* 12

fn=(1284) tcache_free_init
3130 1
2769 1
3130 4
2769 2
3030 2
+4 2
cfn=(1286) tcache_init.part.0
calls=1 -8 
* 257
+98 1
+1 2
-1 1
cfn=(869) free'2
calls=1 +5 
* 33

fn=(788)
2132 18
+20 6
-20 30
+20 6
+11 12
+1 14
-11 1
+35 1
+11 1
-10 3
+1 1
+9 4
+9 3
2526 3
+1 1
+5 2
+3 2
+5 1
-2 1
+5 2
-3 1
-1 1
+10 1
-9 1
+9 1
-9 1
-3 1
+3 1
+1 1
-1 1
+9 1
-9 2
+1 1
+2 1
+6 2
2165 15
+3 20
+8 20
cfn=(848)
calls=5 2072 
* 616
+1 10
2549 25
2269 2
+9 4
+10 2
+7 5
+8 2
2481 1
-1 1
+1 3
+1 1
+11 2
1752 3
2332 1
-27 3
cfi=(220)
cfn=(790)
calls=1 25 
* 64
+1 3
-1 1
+1 1
1740 2
2308 1
+3 2
+38 2
+2 3
+6 2
-7 2
+10 4
+40 3
+22 2
+1 4
+2 3
+1 2
cfi=(220)
cfn=(790)
calls=1 25 
* 27
+12 2
-12 1
+12 1
1740 2
2387 2
+1 1
+12 2
+41 1
-84 3

fn=(868)
3137 227
+3 454
+7 30
-2 45
+6 45
+6 36
+6 12
-3 24
+3 12
-3 12
+1 24
+2 36
2833 11
+8 11
-12 11
+4 44
+8 11
3164 11
+10 3
-31 3
+37 6
fi=(162)
151 9
fe=(163)
3184 6
cfn=(872) _int_free_chunk
calls=3 4057 
* 234
-36 212
+27 1
cfn=(1284)
calls=1 -45 
* 306

fn=(869)
3137 1
+3 2
+7 2
-2 3
+6 3
+6 3
+6 1
-3 2
+3 1
-3 1
+1 2
+2 3
2833 1
+8 1
-12 1
+4 4
+8 1
3164 1

fn=(858)
4225 6
+7 10
+2 6
+17 6
+2 10
-16 10
+1 2
cfn=(874)
calls=1 2571 
* 18
* 1

fn=(872)
4057 9
+5 9
+2 2
+16 4
+4 6
+2 8
+2 1
+1 1
-1 1
+1 1
+1 1
+4 3
cfn=(888)
calls=1 2627 
* 37
* 3
cfn=(888)
calls=1 2627 
* 37
+2 6
+2 5
-33 1
cfn=(854)
calls=1 +40 
* 99

fn=(922) calloc
3515 16
+3 64
1136 32
+3 16
3527 16
1141 48
3527 32
+2 48
+2 32
+2 96
+12 32
cfn=(924)
calls=16 3429 
* 3632

fn=(1286)
3026 2
+8 2
+2 2
+4 2
fi=(300)
59 4
cfi=(183)
cfn=(646)
calls=1 193 
* 64
fe=(163)
3049 1
fi=(300)
59 1
fe=(163)
3048 7
+1 4
-1 2
+1 8
-1 4
+1 1
+2 2
-13 2
cfn=(784)
calls=1 +29 
* 147
* 2

fn=(782)
3101 45
1136 90
+3 45
3105 45
1141 134
3105 88
+2 114
+2 76
+2 234
-6 2
+19 45
cfn=(784)
calls=45 -57 
* 7113
-17 2

fn=(856)
4156 4
+57 2
+1 6
+1 2
+5 2

fl=(280)
fn=(1114)
25 1660
+1 830
-1 1660
fi=(276) /usr/src/debug/glibc/glibc/io/../sysdeps/unix/sysv/linux/sysdep-cancel.h
+16 1660
+1 4980
+11 8300
cfi=(259)
cfn=(984)
calls=830 -22 
* 12450
+5 830
-5 830
+5 830
+6 830
+17 830
-17 2490
+19 1660
fe=(280)
-56 2490

fl=(125) /usr/src/debug/glibc/glibc/string/../sysdeps/x86_64/multiarch/strchr.c
fn=(440) index
71 1
-28 2
+2 1
-1 4
+1 2
+4 4
+8 3
+3 3
+11 1

fl=(257)
fn=(980)
138 99
-61 198
+3 198
+58 99
-55 396
-26 99
+26 99
+55 198
-54 99
fi=(258) /usr/src/debug/glibc/glibc/nptl/../sysdeps/unix/sysv/linux/sysdep-cancel.h
-43 99
fe=(257)
+43 99
fi=(258)
-43 99
+1 99
fe=(257)
+15 99
fi=(258)
-15 495
fe=(257)
+15 99
+46 792
+38 99
-28 198
+28 99
fi=(258)
-88 1089
cfi=(259)
cfn=(984)
calls=99 -22 
* 1485
+5 198
+6 396
fe=(257)

fl=(306)
fn=(1340)
54 2
+1 2
+2 4
+2 4
+1 6
+11 2

fn=(1338)
24 2
+1 2
+2 4
+2 4
+3 4
+14 6
+2 2
+1 2

fl=(119) /usr/src/debug/glibc/glibc/string/../sysdeps/x86_64/multiarch/strpbrk.c
fn=(424) strpbrk
29 1
fi=(312)
+7 5
fe=(119)
-7 1

fl=(145) /usr/src/debug/glibc/glibc/string/../sysdeps/x86_64/multiarch/memchr.c
fn=(500) memchr
30 2
fi=(146) /usr/src/debug/glibc/glibc/string/../sysdeps/x86_64/multiarch/ifunc-evex.h
+11 4
+1 8
+1 6
+4 8
+13 6
+3 8
fe=(145)
-33 2

fl=(214) /usr/src/debug/glibc/glibc/stdio-common/Xprintf_buffer_done.c
fn=(756) __printf_buffer_done
25 49
+1 147
+5 98
+2 539
+7 49

fl=(289)
fn=(1246)
23 16
+1 64
cfi=(290) /usr/src/debug/glibc/glibc/nptl/pthread_join_common.c
cfn=(1248) __pthread_clockjoin_ex
calls=16 +6 
* 5753

fl=(171) /usr/src/debug/glibc/glibc/libio/vtables.c
fn=(596) check_stdfiles_vtables
549 1
+1 4
+1 3
+1 3
+2 1

fl=(172) /usr/src/debug/glibc/glibc/libio/stdfiles.c
fn=(598) _IO_stdfiles_init
64 1
+2 1
+1 2
-1 2
+3 1
-1 2
-1 2
+2 2
-1 4
-1 4
+3 1

fl=(120) /usr/src/debug/glibc/glibc/string/../sysdeps/x86_64/multiarch/strcmp.c
fn=(426) strcmp
79 2
-32 2
+1 2
+1 2
-1 6
+1 4
+4 8
+3 6
+3 6
+20 2

fl=(127) /usr/src/debug/glibc/glibc/wcsmbs/../sysdeps/x86_64/multiarch/wcscmp.c
fn=(446) wcscmp
30 1
fi=(124)
+12 2
+2 4
+1 2
+1 3
+4 4
+8 3
+3 5
fe=(127)

fl=(297)
fn=(1262)
24 80
+1 16
+1 32
cfi=(163)
cfn=(868)
calls=16 3137 
* 64
+1 16
+1 32
-1 16
cfi=(163)
cfn=(868)
calls=16 3137 
* 64

fl=(111) /usr/src/debug/glibc/glibc/wcsmbs/../sysdeps/x86_64/multiarch/wcsncpy.c
fn=(400) wcsncpy
31 1
fi=(97)
+8 2
+1 4
+1 3
+4 3
+3 5
fe=(111)

fl=(222)
fn=(794)
36 2
fi=(315) /usr/src/debug/glibc/glibc/misc/../sysdeps/unix/sysv/linux/brk_call.h
-12 4
fe=(222)
+13 4
+1 4
+6 2
+1 2

fl=(249)
fn=(946)
52 16
+2 16
+1 16
+1 16
+3 16
+1 16
+3 16
+2 16
+4 16
+3 16
+1 16
+1 16
+1 16
+1 16
+5 16
+2 32
+1 32
+1 32
+2 16
+8 16
+3 16
+1 16
+1 16
cfi=(235)
cfn=(952) start_thread
calls=16 339 
* 364128816

fl=(229)
fn=(832)
27 246
+3 738
+2 984
+1 246

fl=(295)
fn=(1258)
136 48
+1 16
cfi=(296) /usr/src/debug/glibc/glibc/resolv/resolv_context.c
cfn=(1260) __resolv_context_freeres
calls=16 242 
* 240
+2 80
+8 32

fl=(137) /usr/src/debug/glibc/glibc/string/../sysdeps/x86_64/multiarch/strchrnul.c
fn=(472) strchrnul
32 1
fi=(118)
+10 2
+2 4
+1 2
+1 3
+4 4
+8 3
+3 4
fe=(137)
-29 1

fl=(225)
fn=(814) opendir_tail
45 6
+1 2
+7 4
cfi=(226)
cfn=(816)
calls=1 -23 
* 6
* 2
+2 5
+69 7
+3 2
cfi=(163)
cfn=(782)
calls=1 3101 
* 133
+1 2
+9 1
+3 1
+1 1
+1 1
+1 1
-8 1
+8 1
-4 1
+4 1
-79 5

fn=(812)
94 1
-61 2
+61 1
+4 2
-4 1
+4 1
cfi=(200)
cfn=(714)
calls=1 -70 
* 27
+1 1
-1 2
cfn=(814)
calls=1 -53 
* 183

fl=(169)
fn=(590)
30 1
+1 5
-1 1
+3 1
-3 3
+3 3
cob=(3)
cfi=(166)
cfn=(592) 0x00000000048df330
calls=1 -33 
* 31
+4 1
+1 1
-1 5
+1 3
+2 2

fl=(239) /usr/src/debug/glibc/glibc/nptl/pthread_attr_copy.c
fn=(912) __pthread_attr_copy
25 80
+4 32
-4 48
+4 80
+9 16
-9 16
+3 16
+6 32
+23 32
+1 16
-1 96
+2 96

fl=(256)
fn=(1000)
40 97
+3 194
+4 194
+2 97

fn=(978)
25 97
+3 97
+1 97
+1 194
+2 97
+1 97

fl=(170) /usr/src/debug/glibc/glibc/string/../sysdeps/x86_64/multiarch/strrchr-avx2.S
fn=(594) __strrchr_avx2
53 1
+1 1
+1 1
+2 1
+1 1
+4 1
+1 1
+1 1
+3 1
+2 1
+1 1
+1 1
+1 1
+25 1
+1 1
+1 1
+1 1
+1 1
+26 1
+1 1
+4 2
+24 1
+3 1
+1 1
+1 1
+1 1
+1 1
+1 1

fl=(290)
fn=(1248)
30 208
+1 32
+6 32
+1 16
+4 16
+4 32
+21 2
cfi=(257)
cfn=(980)
calls=2 +71 
* 140
+4 8
-25 18
+1 36
+3 4
+7 4
+10 8
+2 4
+9 16
+3 32
+4 32
cfi=(299) /usr/src/debug/glibc/glibc/nptl/nptl_free_tcb.c
cfn=(1274) __nptl_free_tcb
calls=16 -60 
* 4825
-41 16
+44 16
+2 16
+1 96
-59 16
cfi=(291) /usr/src/debug/glibc/glibc/nptl/pthread_testcancel.c
cfn=(1250) pthread_testcancel@@GLIBC_2.34
calls=16 -8 
* 112
* 16

fl=(134) /usr/src/debug/glibc/glibc/string/../sysdeps/x86_64/multiarch/strcspn.c
fn=(464) strcspn
29 1
fi=(312)
+7 5
fe=(134)
-7 1

fl=(135) /usr/src/debug/glibc/glibc/wcsmbs/../sysdeps/x86_64/multiarch/wcscpy.c
fn=(466) wcscpy
60 1
-18 2
+1 4
+1 3
+3 3
+3 3
+10 1

fl=(158) /usr/src/debug/glibc/glibc/resource/../sysdeps/unix/sysv/linux/getrlimit64.c
fn=(548) getrlimit
38 2
+1 7
+1 1

fl=(304)
fn=(1302)
82 6
+1 4
-1 4
+1 4
fi=(305) /usr/src/debug/glibc/glibc/posix/../malloc/dynarray-skeleton.c
243 2
fe=(304)
71 4
+38 8
+1 4

fl=(114) /usr/src/debug/glibc/glibc/wcsmbs/../sysdeps/x86_64/multiarch/wcslen.c
fn=(412) wcslen
29 1
fi=(115)
+11 1
+1 4
+1 3
+4 4
+3 3
+3 3
fe=(114)
-23 1

fl=(275)
fn=(1086)
30 1600008
+3 1400002
fi=(276)
+8 600003
+1 1200006
+11 2000010
cfi=(259)
cfn=(984)
calls=200001 -22 
* 3000015
+5 200001
-5 200001
+5 200001
+6 200001
+17 200001
-17 600003
fe=(275)
-28 2
+5 1
-5 3
+2 1
fi=(276)
+45 400002
fe=(275)
-42 200001
+2 1000005

fl=(90) /usr/src/debug/glibc/glibc/string/../sysdeps/x86/cacheinfo.c
fn=(352) __x86_cacheinfo
86 1
fi=(91) /usr/src/debug/glibc/glibc/string/../sysdeps/x86/cacheinfo.h
-24 1
+3 3
+2 1
+1 1
-1 2
+7 3
+2 1
+1 1
-1 2
+5 2
+3 2
+2 2
+1 2
+1 2
+2 2
fe=(90)
-4 2

fl=(121) /usr/src/debug/glibc/glibc/string/../sysdeps/x86_64/multiarch/memset.c
fn=(428) memset
29 2
fi=(122) /usr/src/debug/glibc/glibc/string/../sysdeps/x86_64/multiarch/ifunc-memset.h
+32 10
+3 6
+16 4
+4 8
+8 4
fe=(121)
-63 2
fi=(122)
+71 4
-48 2
+1 4
fe=(121)

fl=(123) /usr/src/debug/glibc/glibc/string/../sysdeps/x86_64/multiarch/memrchr.c
fn=(432) memrchr
29 1
fi=(118)
+13 2
+2 4
+1 2
+1 3
+4 4
+8 3
+3 5
fe=(123)

fl=(234)
fn=(890)
117 75
+5 15

fn=(918) madvise
117 160
+5 32

fl=(299)
fn=(1274)
25 16
+2 48
+4 48
+11 32
cfi=(244)
cfn=(1276)
calls=16 +81 
* 4681

fl=(177)
fn=(626)
28 17
+2 17
+2 17
cfi=(178)
cfn=(628)
calls=17 -1 
* 527

fl=(292) /usr/src/debug/glibc/glibc/nptl/nptl_deallocate_tsd.c
fn=(1252) __nptl_deallocate_tsd
23 16
+5 32
+82 16

fl=(307) /usr/src/debug/glibc/glibc/posix/../sysdeps/unix/sysv/linux/_exit.c
fn=(1342) _Exit
27 3

fl=(156) /usr/src/debug/glibc/glibc/elf/libc_early_init.c
fn=(544) __libc_early_init
34 9
+2 1
cfi=(157) /usr/src/debug/glibc/glibc/ctype/ctype-info.c
cfn=(546) __ctype_init
calls=1 +1 
* 17
+3 1
fi=(159) /usr/src/debug/glibc/glibc/elf/../sysdeps/nptl/pthread_early_init.h
-6 2
fe=(156)
+9 1
-3 1
+3 1
fi=(159)
-9 1
cfi=(158)
cfn=(548)
calls=1 +5 
* 10
* 2
+1 1
+4 3
-4 2
+11 1
fi=(316) /usr/src/debug/glibc/glibc/elf/../nptl/nptl-stack.h
+16 2
fi=(159)
-16 1
fi=(316)
+16 2
fi=(159)
-7 1
fi=(316)
+7 8
fi=(159)
-9 1
-6 1
+2 2
+4 4
+1 1
+3 1
cfi=(160)
cfn=(552)
calls=1 -1 
* 76
fe=(156)
-9 2
cfi=(161)
cfn=(554) __getrandom_early_init
calls=1 238 
* 18
+3 3
+1 2
-1 1
cfi=(162)
cfn=(556) __ptmalloc_init
calls=1 250 
* 911

fl=(193)
fn=(690) __strncmp_avx2
206 21
+24 21
+5 21
+14 21
+25 21
+1 21
+1 21
+2 21
+1 21
+4 21
+4 21
+2 21
+2 21
+3 21
+2 21
+1 21
+11 19
+10 19
+1 19
+3 19
+4 38
+5 21
+1 21
+1 21
+4 2
+1 4
957 4
+1 4
+1 4
+1 4
+2 4
+3 4
+1 4
1076 4
+1 4

fn=(1208)
206 1
+43 1
+25 1
+1 1
+1 1
+2 1
+1 1
+4 1
+4 1
+2 1
+2 1
+3 1
+9 1
+1 1
+4 1
+10 1
+1 1
+3 1
+4 2

fl=(238) /usr/src/debug/glibc/glibc/nptl/pthread_getattr_default_np.c
fn=(910) pthread_getattr_default_np@@GLIBC_2.34
24 48
+1 32
-1 32
+1 32
+1 48
cfi=(239)
cfn=(912)
calls=16 -1 
* 560
* 16
+1 64
+2 48

fl=(296)
fn=(1260)
242 80
+2 16
-2 16
+2 16
+1 16
+1 32
+6 64

fl=(235)
fn=(952)
339 176
+7 32
+23 48
+5 64
+3 16
cfi=(157)
cfn=(546)
calls=16 37 
* 272
fi=(240) /usr/src/debug/glibc/glibc/nptl/allocatestack.c
676 32
+3 16
+4 16
+6 16
-12 32
+13 32
fi=(253) /usr/src/debug/glibc/glibc/nptl/../sysdeps/unix/sysv/linux/rseq-internal.h
93 32
+7 32
+24 16
fe=(235)
395 80
+17 32
cfi=(177)
cfn=(626)
calls=16 28 
* 544
* 16
+14 16
-14 16
+18 16
-4 16
+4 80
+3 32
+3 16
fi=(250) /usr/src/debug/glibc/glibc/nptl/../sysdeps/unix/sysv/linux/internal-signals.h
89 48
fe=(235)
436 16
+2 16
fi=(250)
89 16
fe=(235)
438 16
fi=(250)
89 16
fe=(235)
440 16
+10 16
+1 16
-7 32
+11 16
+4 16
cfi=(286)
cfn=(1218)
calls=16 148 
* 224
+3 16
cfi=(292)
cfn=(1252)
calls=16 23 
* 64
+3 16
cfi=(293)
cfn=(1254)
calls=16 31 
* 1520
+3 48
+31 32
+12 64
+3 32
fi=(246) /usr/src/debug/glibc/glibc/nptl/../sysdeps/unix/sysv/linux/internal-sigset.h
102 16
fe=(235)
528 48
fi=(246)
102 32
fe=(235)
528 48
+7 64
+1 32
+1 64
+37 48
cfi=(161)
cfn=(1272) __getrandom_vdso_release
calls=16 303 
* 64
+2 32
+1 64
fi=(240)
332 16
cfi=(217)
cfn=(766)
calls=16 27 
* 96
* 16
+2 80
+1 32
+1 32
fe=(235)
580 48
+16 32
fi=(240)
+81 48
-1 16
+7 16
+3 16
-3 48
-4 32
+7 16
cfi=(230)
cfn=(850)
calls=16 60 
* 544
fe=(235)
-83 48
fi=(240)
+90 80
cfi=(252)
cfn=(956)
calls=16 26 
* 8736
* 64
cfi=(230)
cfn=(850)
calls=16 60 
* 544
* 16
fe=(235)
454 16
cob=(5)
cfi=(195)
cfn=(962)
calls=16 229 
* 364113568
* 16
fi=(240)
337 64
cfi=(234)
cfn=(918)
calls=16 117 
* 96
* 16
fe=(235)

fn=(904)
651 208
+6 32
+13 48
+2 32
cfi=(238)
cfn=(910)
calls=16 24 
* 880
* 16
+1 48
+3 48
-1 32
924 128
fi=(240)
362 16
cfi=(217)
cfn=(766)
calls=16 27 
* 96
fi=(241) /usr/src/debug/glibc/glibc/nptl/./nptl-stack.h
61 16
fi=(240)
362 32
fi=(241)
61 112
fi=(240)
366 16
fi=(241)
61 16
fi=(240)
366 16
fi=(241)
61 16
fi=(240)
366 32
+5 48
478 16
+1 16
362 16
479 32
+10 96
+4 144
+5 48
+1 16
-2 32
66 96
+8 80
257 64
+35 48
620 16
fe=(235)
777 16
fi=(240)
620 16
+4 16
+15 16
+16 16
fe=(235)
+44 16
fi=(240)
-60 16
+2 16
+9 48
fe=(235)
+52 16
+6 16
fi=(240)
-79 16
+26 16
fe=(235)
+14 16
+39 16
+1 16
+1 16
-1 16
+5 16
fi=(240)
-77 16
-3 16
fe=(235)
+80 16
-1 16
+2 48
+4 16
-5 16
+5 16
+1 96
+5 32
+2 32
+3 64
+5 32
+1 32
+4 32
fi=(317) /usr/src/debug/glibc/glibc/nptl/../sysdeps/x86/nptl/tls-setup.h
22 32
fe=(235)
752 48
+21 32
+4 32
+2 16
+10 16
fi=(250)
81 64
fe=(235)
794 16
fi=(250)
81 16
fe=(235)
794 16
fi=(250)
81 16
fe=(235)
802 48
fi=(246)
33 16
fe=(235)
634 32
858 96
cfn=(938) create_thread
calls=16 237 
* 2028
fi=(250)
89 48
fe=(235)
858 16
fi=(250)
89 48
fe=(235)
865 32
+41 32
+10 16
+4 32
+1 32
cfi=(251)
cfn=(950)
calls=16 26 
* 96
* 64
fi=(240)
381 32
fe=(235)
84 2
-2 1
+2 1
fi=(318) /usr/src/debug/glibc/glibc/nptl/../sysdeps/unix/sysv/linux/sigsetops.h
-30 1
fe=(235)
+28 1
+1 1
+1 1
cfi=(236)
cfn=(906)
calls=1 -41 
* 51
+7 2
fi=(318)
+13 1
fe=(235)
-13 1
fi=(318)
+13 1
fe=(235)
-13 3
663 1
-3 1
+3 2
813 32
fi=(246)
102 32
fe=(235)
898 1
774 1
cfi=(245)
cfn=(934)
calls=1 544 
* 42
* 2
fi=(240)
99 80
+62 32
+6 32
+2 128
cfi=(218)
cfn=(772)
calls=16 47 
* 416
509 48
169 16
509 16
+5 64
+6 32
+5 16
195 16
525 16
+1 16
-2 16
195 32
+4 64
+2 32
cfi=(234)
cfn=(918)
calls=16 -84 
* 96
* 48
+2 16
542 16
+1 16
+11 16
-12 16
+4 16
+15 16
-15 16
+5 32
+12 64
+5 48
cob=(1)
cfi=(58)
cfn=(920) _dl_allocate_tls
calls=16 731 
* 8256
* 48
+13 80
+3 64
cfi=(244)
cfn=(932)
calls=16 43 
* 192
+2 64
fe=(235)

fn=(938)
237 176
+4 16
-4 48
+4 32
+4 32
+3 32
+1 32
+44 16
-5 16
+3 16
-3 16
+5 16
+5 48
-10 128
+10 16
cfi=(247)
cfn=(940)
calls=16 97 
* 1084
+1 32
+5 16
+6 32
+12 48
+12 176

fl=(281)
fn=(1124)
26 200001
fi=(276)
+15 200001
fe=(281)
-14 200001
fi=(276)
+14 200001
+1 1200006
fe=(281)
-16 200001
fi=(276)
+27 1200006
fe=(281)
-27 400002
fi=(276)
+27 800004
cfi=(259)
cfn=(984)
calls=200001 -22 
* 3000015
+5 200001
-5 200001
+5 200001
+6 200001
+17 200001
-17 600003
+19 400002
fe=(281)
-55 400002

fl=(207)
fn=(958)
93 128
fi=(319) /usr/src/debug/glibc/glibc/libio/../include/printf_buffer.h
+44 16
-13 16
+1 16
+12 16
-10 16
+1 16
fe=(207)
-65 32
+3 16
+30 64
cfi=(208) /usr/src/debug/glibc/glibc/stdio-common/vfprintf-internal.c
cfn=(740) __printf_buffer
calls=16 601 
* 7520
-21 48
+1 16
+11 32
cfi=(214)
cfn=(756)
calls=16 -62 
* 288
+11 80

fn=(738)
102 264
fi=(319)
+35 33
-13 33
+1 33
+12 33
-10 33
+1 33
fe=(207)
-65 66
+3 33
+30 132
cfi=(208)
cfn=(740)
calls=33 601 
* 14732
-21 99
+1 33
+11 66
cfi=(214)
cfn=(756)
calls=33 -62 
* 594
+17 165

fl=(161)
fn=(1080) getrandom_vdso
187 7
+1 1
-1 7
+1 2
+45 9
32 2
fi=(274) /usr/src/debug/glibc/glibc/stdlib/../sysdeps/unix/sysv/linux/sysdep-cancel.h
+9 1
fe=(161)
-10 1
fi=(274)
+10 1
+1 1
-1 1
+1 1
+41 2
-41 4
+11 8
cfi=(259)
cfn=(984)
calls=1 -22 
* 15
+5 1
+6 1
+17 1
-17 3
fe=(161)
-32 2
232 1
27 1

fn=(1272)
303 16
+5 32
+16 16

fn=(554)
238 7
+3 6
+37 5

fn=(1078)
351 1
+2 2
cfn=(1080)
calls=1 187 
* 73

fl=(227)
fn=(824)
25 1
+1 2
+1 1

fl=(285)
fn=(1216) __run_exit_handlers
45 12
+2 9
+3 2
+3 7
+11 1
+2 2
+8 3
+2 3
+1 3
-1 3
+3 21
+44 9
-49 9
+55 2
+1 2
+6 1
-66 1
+66 3
+2 2
+3 2
cfi=(307)
cfn=(1342)
calls=1 27 
* 3
-27 3
-1 3
-2 3
+3 9
+3 12
+1 9
cob=(1)
cfi=(301) /usr/src/debug/glibc/glibc/elf/dl-fini.c
cfn=(1290) _dl_fini
calls=1 -92 
* 922
cob=(5)
cfi=(195)
cfn=(1228)
calls=1 355 
* 7697
cob=(5)
cfi=(180)
cfn=(1220)
calls=1 -48 
* 653
+1 12
-68 1
cfi=(286)
cfn=(1218)
calls=1 +97 
* 14
* 1
+88 1
cfi=(245)
cfn=(1334)
calls=1 888 
* 427
* 1

fn=(1214)
147 2
+1 3
-1 1
+1 1
cfn=(1216)
calls=1 45 
* 9868

fl=(174)
fn=(604)
242 13
+81 2
+1 4
cfi=(175)
cfn=(606)
calls=1 67 
* 73
+25 6
+6 2
-3 2
+10 2
cob=(1)
cfi=(61) /usr/src/debug/glibc/glibc/elf/dl-audit.c
cfn=(622) _dl_audit_preinit
calls=1 118 
* 5
+2 2
+8 4
cfi=(176)
cfn=(624)
calls=1 30 
* 411645238
127 2
+6 3
+1 6
cob=(3)
cfi=(166)
cfn=(612) 0x0000000004003000
calls=1 0 
* 7
* 1
+3 1
+1 2
+3 3
+2 2
-1 7
+2 4
cob=(5)
cfi=(173)
cfn=(616)
calls=1 0 
* 12
-1 4

fl=(208)
fn=(740)
601 637
fi=(210) /usr/src/debug/glibc/glibc/stdio-common/printf-parse.h
82 98
fe=(208)
628 147
+9 49
-9 49
+9 49
-9 49
+9 98
fi=(210)
82 49
cob=(3)
cfi=(166)
cfn=(742) 0x00000000048df2a0
calls=49 -82 
* 1029
fe=(208)
653 49
-1 49
+1 49
fi=(210)
82 98
fe=(208)
653 49
-1 49
cfi=(209)
cfn=(746)
calls=49 27 
* 2478
+2 147
+4 98
+4 441
-32 49
+11 49
-8 98
+71 200
1043 441
704 50
-13 50
+1 50
-2 50
+14 100
-18 50
+18 100
-10 50
+4 50
-1 50
+7 100
-11 50
-8 50
+19 100
-20 50
-1 50
+21 50
-15 50
-7 100
1023 50
fi=(210)
82 50
fe=(208)
1017 50
+6 50
fi=(210)
82 100
cob=(3)
cfi=(166)
cfn=(742)
calls=50 -82 
* 1050
fe=(208)
1027 100
+1 50
fi=(210)
82 50
fe=(208)
1028 50
-1 50
cfi=(209)
cfn=(746)
calls=50 27 
* 2053
+3 201
709 2
fi=(211) /usr/src/debug/glibc/glibc/stdio-common/vfprintf-process-arg.c
411 16
+5 4
+14 8
+8 4
+25 6
+8 8
cfi=(209)
cfn=(746)
calls=2 27 
* 106
+1 2
fi=(213) /usr/src/debug/glibc/glibc/stdio-common/../include/printf_buffer.h
163 96
fi=(211)
+70 144
+3 96
136 96
+19 528
cfi=(212)
cfn=(752)
calls=48 24 
* 2700
+9 48
-3 48
-6 48
+6 48
+3 48
-3 144
+3 48
-3 48
+2 48
-2 192
+36 138
fe=(208)
854 16
fi=(211)
66 16
fe=(208)
783 16
fi=(211)
126 32
+2 32
+27 48
+15 48
-32 48
+32 48
-15 48
+15 96
fi=(210)
55 32
fe=(208)
783 32
fi=(211)
48 64
-13 32
+22 32
+1 32
-1 32
+1 64
-1 32
+3 32
197 6
-10 96
-1 96
+1 184
+53 192
cfi=(209)
cfn=(746)
calls=48 27 
* 2648
* 48
-45 96
-21 48
+21 48
-34 48
+34 96
+4 138
+2 138
+7 276
-78 32
+1 96
-38 16
+38 16
-39 16
+2 32
230 46
-19 92
-12 4
+9 2
-9 4
+9 6
+3 4
fi=(213)
-48 96
fi=(211)
50 64
+2 64
+1 256
443 4
cob=(3)
cfi=(166)
cfn=(686)
calls=2 0 
* 32
* 4
fe=(208)

fl=(96) /usr/src/debug/glibc/glibc/wcsmbs/../sysdeps/x86_64/multiarch/wcpcpy.c
fn=(364) wcpncpy
31 1
fi=(97)
+8 2
+1 4
+1 3
+4 3
+3 5
fe=(96)

fl=(102) /usr/src/debug/glibc/glibc/wcsmbs/../sysdeps/x86_64/multiarch/wmemcmp.c
fn=(376) wmemcmp
29 1
fi=(103) /usr/src/debug/glibc/glibc/wcsmbs/../sysdeps/x86_64/multiarch/ifunc-memcmp.h
+5 6
+1 2
+2 3
+4 4
+3 3
+3 5
fe=(102)

fl=(157)
fn=(546)
37 17
+2 119
+2 68
+2 17
-1 17
+1 17
-1 17
+2 17

fl=(162)
fn=(556)
250 2
fi=(320) /usr/src/debug/glibc/glibc/malloc/../sysdeps/unix/sysv/linux/not-cancel.h
96 3
fe=(162)
250 3
fi=(320)
96 4
fi=(163)
2788 2
+14 1
+2 2
-1 1
cfi=(164)
cfn=(560)
calls=1 0 
* 21
+1 3
fe=(162)
260 2
+4 4
fi=(163)
1681 2
+3 2
-3 3
+3 252
-3 378
+11 1
fe=(162)
268 2
fi=(163)
1692 1
fe=(162)
268 2
cob=(1)
cfi=(12)
cfn=(54)
calls=1 610 
* 17
+1 4
cob=(1)
cfi=(12)
cfn=(54)
calls=1 610 
* 18
+1 4
cob=(1)
cfi=(12)
cfn=(54)
calls=1 610 
* 17
+1 4
cob=(1)
cfi=(12)
cfn=(54)
calls=1 610 
* 17
+1 4
cob=(1)
cfi=(12)
cfn=(54)
calls=1 610 
* 18
+1 4
cob=(1)
cfi=(12)
cfn=(54)
calls=1 610 
* 17
+1 4
cob=(1)
cfi=(12)
cfn=(54)
calls=1 610 
* 17
+2 4
cob=(1)
cfi=(12)
cfn=(54)
calls=1 610 
* 17
+1 4
cob=(1)
cfi=(12)
cfn=(54)
calls=1 610 
* 17
+2 4
cob=(1)
cfi=(12)
cfn=(54)
calls=1 610 
* 17
+2 4
+10 6
fi=(163)
2802 2
fe=(162)

fn=(1266)
857 32
fi=(163)
2762 16
fe=(162)
857 32
fi=(163)
2994 16
fe=(162)
857 32
fi=(163)
2994 16
2762 48
+7 16
fe=(162)
863 32
+1 16
+2 32
+13 64

fl=(233)
fn=(876)
25 1
+1 4
+1 1

fl=(189)
fn=(672)
61 600022
+7 600022
+2 600022
+3 600015
+1 600015
+2 600015
+1 600015
+1 600015
+1 600015
+3 596206
+1 596206
+3 596206
+1 596206
+2 198487
+1 198487
+1 198487
+1 198487
+2 396974
+7 399281
+5 399281
+7 399281
+1 399281
+1 13
+1 13
+5 782
+1 782
+1 782
+1 1564
+4 399275
+1 399275
+32 1515
+1 1515
+1 1515
+2 1515
+10 1515
+1 1515
+3 1515
+1 1515
+2 782
+1 782
+74 733
+1 733
+3 733
+1 733
+4 733
+1 733
+11 1466
412 3809
+3 3809
+1 3809
+1 3809
+3 3809
+1 3809
+7 3809
+3 3809
+1 3809
+2 2247
+1 2247
+1 732
+1 732
+1 1464

fl=(113) /usr/src/debug/glibc/glibc/debug/../sysdeps/x86_64/multiarch/mempcpy_chk.c
fn=(408) __mempcpy_chk
29 1
fi=(101)
+27 1
+1 1
-1 1
+1 2
+3 3
+14 2
+3 2
+8 2
+8 2
+3 5
fe=(113)

fl=(282)
fn=(1142)
28 1
+12 4
+2 1

fl=(291)
fn=(1250)
24 16
+2 32
+1 64

fl=(200)
fn=(714)
28 48
+3 72
+8 56
+2 40

ob=(4) /usr/lib/valgrind/vgpreload_core-amd64-linux.so
fl=(167) ???
fn=(582) 0x00000000000010e0
0 12

fn=(1318) 0x0000000000001090
0 9
cob=(2)
cfi=(303)
cfn=(1300)
calls=1 45 
0 76
0 1
cfn=(1326) 0x0000000000001020
calls=1 0 
0 5
0 3

fn=(1326)
0 4

ob=(2)
fl=(284)
fn=(1190)
29 199999
+1 199999
+1 199999
+1 199999
+1 199999
+1 199999
+1 199999
+1 199999
+1 199999

ob=(4)
fl=(167)
fn=(1326)
0 1

ob=(2)
fl=(284)
fn=(1190)
38 199999
+1 199999
+1 199999

ob=(3)
fl=(166)
fn=(742)
0 198
cob=(2)
cfi=(194)
cfn=(744)
calls=99 53 
0 1881

fn=(1314) 0x0000000004018f64
0 4

fn=(1070)
0 2
cob=(2)
cfi=(271)
cfn=(1072)
calls=1 63 
0 50

fn=(578) 0x00000000048b7000
0 7

fn=(692)
0 4
cob=(2)
cfi=(194)
cfn=(694)
calls=2 53 
0 42

fn=(718)
0 28
cob=(2)
cfi=(189)
cfn=(672)
calls=14 61 
0 168

fn=(592)
0 2
cob=(2)
cfi=(170)
cfn=(594)
calls=1 53 
0 29

fn=(612)
0 7

fn=(1332) 0x00000000048b7274
0 4

fn=(686)
0 12
cob=(2)
cfi=(184)
cfn=(652)
calls=6 52 
0 84

fn=(688)
0 42
cob=(2)
cfi=(193)
cfn=(690)
calls=21 206 
0 555

ob=(1)
fl=(2) /usr/src/debug/glibc/glibc/elf/rtld.c
fn=(200) handle_preload_list
847 11
+5 5
-4 2
+17 1
180 1
867 2
180 2
869 2
+1 4
cfn=(204) do_preload
calls=1 -85 
* 2966
* 1
-18 2
+3 3
cfi=(62) /usr/src/debug/glibc/glibc/string/../string/strcspn.c
cfn=(202) strcspn
calls=1 32 
* 226
* 1
+1 3
+2 4
cfi=(38) /usr/src/debug/glibc/glibc/string/../sysdeps/x86_64/multiarch/memmove-vec-unaligned-erms.S
cfn=(110) memcpy
calls=1 210 
* 19
+1 2
+14 9

fn=(294) init_tls
732 3
+6 1
-6 1
+2 2
+4 1
fi=(37) /usr/src/debug/glibc/glibc/elf/../include/rtld-malloc.h
44 2
fe=(2)
749 1
fi=(37)
44 1
fe=(2)
748 1
-4 1
fi=(37)
44 1
cfi=(36) /usr/src/debug/glibc/glibc/elf/dl-minimal-malloc.c
cfn=(102) __minimal_calloc
calls=1 +36 
* 28
fe=(2)
757 1
-10 1
-3 1
+10 1
+3 1
cfi=(58)
cfn=(298) _dl_tls_static_surplus_init
calls=1 134 
* 71
+3 1
cfi=(58)
cfn=(300) _dl_determine_tlsoffset
calls=1 258 
* 161
+7 1
cfi=(58)
cfn=(304) _dl_allocate_tls_storage
calls=1 524 
* 462
* 1
+1 2
+6 1
fi=(81) /usr/src/debug/glibc/glibc/elf/../sysdeps/generic/dl-call_tls_init_tp.h
31 2
fe=(2)
774 1
fi=(81)
31 6
+2 1
cfi=(33) /usr/src/debug/glibc/glibc/elf/../sysdeps/nptl/dl-tls_init_tp.c
cfn=(312) __tls_init_tp
calls=1 +36 
* 95
fe=(2)
781 1
-3 1
+2 1
+1 3

fn=(204)
785 1
+12 1
-12 4
+12 2
-12 3
+6 1
+6 1
-2 1
-3 1
+5 1
-10 1
+6 1
+4 1
cfi=(63) /usr/src/debug/glibc/glibc/elf/dl-catch.c
cfn=(206) _dl_catch_error
calls=1 258 
* 2935
+1 3
+8 3
+6 6

fn=(94) dl_main
1346 2
194 1
1346 11
196 1
299 1
+1 1
194 1
+99 3
1358 1
cfi=(33)
cfn=(96) __tls_pre_init_tp
calls=1 54 
* 17
2752 1
2520 1
2752 3
2591 1
+2 1
+15 2
-13 2
cfi=(34) /usr/src/debug/glibc/glibc/elf/dl-environ.c
cfn=(98) _dl_next_ld_env_entry
calls=1 28 
* 377
* 4
cfi=(34)
cfn=(98)
calls=2 28 
* 1387
* 9
+4 6
-2 2
+2 8
+1 2
-1 6
+1 17
-1 89
+9 12
2719 2
+10 3
1368 1
+1 2
-1 3
+1 2
2633 2
+10 2
+37 3
1639 8
cfi=(35) /usr/src/debug/glibc/glibc/elf/dl-object.c
cfn=(100) _dl_new_object
calls=1 59 
* 284
* 1
+2 2
+1 1
+1 1
+5 2
-5 1
+1 3
+4 1
cfi=(35)
cfn=(114) _dl_add_to_namespace_list
calls=1 31 
* 33
+1 2
1351 1
1089 1
+1 1
+27 1
-21 1
+2 1
+19 1
-18 1
-3 1
+21 3
-25 1
+25 1
-3 1
fi=(39) /usr/src/debug/glibc/glibc/elf/../include/stackinfo.h
62 1
fe=(2)
1118 135
+85 3
-86 21
fi=(40) /usr/src/debug/glibc/glibc/elf/../sysdeps/unix/sysv/linux/dl-exec-post.h
76 10
+1 5
+2 5
-2 10
+2 3
cfi=(41) /usr/src/debug/glibc/glibc/elf/dl-load.c
cfn=(122) _dl_process_pt_gnu_property
calls=1 855 
* 54
+12 3
-65 4
cfi=(12)
cfn=(54)
calls=1 610 
* 18
* 3
fe=(2)
1122 1
-5 1
+5 2
-5 2
+21 2
-21 1
+25 1
-5 1
+3 2
-23 2
+10 2
-10 1
+10 1
+1 9
-11 2
+34 8
-1 4
+1 16
-1 4
+2 8
+1 1
+2 12
+1 14
+4 8
+1 8
+1 4
+4 4
-49 4
+49 4
-49 8
fi=(39)
62 2
fe=(2)
1117 1
fi=(39)
62 5
fe=(2)
1117 3
+95 3
+3 2
+2 2
1672 1
cfi=(43) /usr/src/debug/glibc/glibc/elf/dl-execstack-tunable.c
cfn=(126) _dl_handle_execstack_tunable
calls=1 24 
* 33
fi=(4) /usr/src/debug/glibc/glibc/elf/../sysdeps/generic/ldsodefs.h
97 3
+3 4
+1 1
fe=(2)
1678 3
+1 4
cfi=(44) /usr/src/debug/glibc/glibc/string/../sysdeps/x86_64/multiarch/../multiarch/strcmp-sse2.S
cfn=(130) strcmp
calls=1 98 
* 25
* 2
+3 1
+1 1
+1 1
+2 2
+1 2
+5 2
+2 2
fi=(3) /usr/src/debug/glibc/glibc/elf/./get-dynamic-info.h
39 3
+6 3
-2 2
+25 25
-23 100
+4 50
+3 6
-1 12
+3 24
+1 20
+17 3
+51 3
+6 3
+18 3
+15 3
+2 3
+1 2
+9 2
+6 2
+4 2
fi=(4)
-87 3
fe=(2)
1707 2
cfi=(8) /usr/src/debug/glibc/glibc/elf/dl-setup_hash.c
cfn=(14) _dl_setup_hash
calls=1 25 
* 27
+3 2
fi=(45) /usr/src/debug/glibc/glibc/elf/./setup-vdso.h
24 2
fi=(48) /usr/src/debug/glibc/glibc/elf/./dl-main.h
+85 2
fi=(47) /usr/src/debug/glibc/glibc/elf/../sysdeps/unix/sysv/linux/dl-vdso-setup.h
-55 1
fi=(48)
+55 3
cfi=(41)
cfn=(142) _dl_init_paths
calls=1 675 
* 3243
fe=(2)
1735 3
cfi=(57) /usr/src/debug/glibc/glibc/elf/dl-debug.c
cfn=(188) _dl_debug_initialize
calls=1 120 
* 20
+7 1
-5 1
-2 1
+7 1
+4 1
+3 1
-3 3
+1 1
+3 1
1242 1
1748 1
1242 1
+1 2
+5 1
-3 2
+2 1
+1 1
+10 1
-7 1
+7 3
+4 1
-5 1
+5 3
-3 8
-1 16
+2 24
+2 4
+1 8
-1 8
+2 8
+5 4
-10 4
+10 8
-11 10
+18 1
+1 2
-1 2
222 2
-1 1
+1 3
1764 2
1352 1
1768 1
+1 2
+24 1
cfi=(58)
cfn=(190) _dl_count_modids
calls=1 235 
* 6
* 1
fi=(59) /usr/src/debug/glibc/glibc/elf/../sysdeps/generic/dl-debug.h
29 3
+1 1
fe=(2)
1799 3
cfi=(57)
cfn=(194) _dl_debug_change_state
calls=1 104 
* 11
+1 1
+4 3
cfi=(61)
cfn=(198) _dl_audit_activity_map
calls=1 29 
* 5
+5 3
+2 1
+2 2
+9 2
+16 3
cfi=(73) /usr/src/debug/glibc/glibc/io/../sysdeps/unix/sysv/linux/access.c
cfn=(254) access
calls=1 25 
* 9
* 2
+76 4
+16 3
86 1
1940 1
86 2
1940 2
86 1
1940 4
86 1
1940 1
cfi=(74) /usr/src/debug/glibc/glibc/elf/dl-deps.c
cfn=(256) _dl_map_object_deps
calls=1 132 
* 6238
93 1
1950 2
-4 1
+16 1
93 2
+9 2
1946 7
+1 1
-1 1
+1 1
-1 2
+1 3
-1 3
+1 3
-1 6
+4 1
+1 2
+1 1
+2 13
+1 9
+7 2
+1 1
-1 1
+1 2
+2 1
+2 2
+16 4
+1 1
+1 3
+10 1
+2 1
-1 3
+1 3
-1 1
+1 1
cfi=(63)
cfn=(284) _dl_receive_error
calls=1 190 
* 6441
+10 2
+1 2
+3 2
+3 1
cfn=(316) security_init
calls=1 818 
* 14
+2 3
2219 1
-4 2
+10 1
-6 1
+6 1
+3 2
+8 2
fi=(42) /usr/src/debug/glibc/glibc/elf/../sysdeps/x86/dl-prop.h
36 1
+1 4
+16 3
-16 3
+3 3
+9 6
-9 1
+9 16
+4 12
-16 8
+34 2
fe=(2)
2240 1
fi=(42)
71 1
cfi=(85) /usr/src/debug/glibc/glibc/elf/../sysdeps/x86_64/dl-cet.c
cfn=(324) _dl_cet_check
calls=1 361 
* 25
fe=(2)
2240 2
+3 1
+5 2
86 1
2253 1
-1 2
86 3
2252 5
cfi=(86) /usr/src/debug/glibc/glibc/elf/dl-reloc.c
cfn=(328) _dl_relocate_object
calls=1 343 
* 72293
93 3
+9 2
2261 2
+2 1
+1 14
+2 8
+1 8
+1 1
-4 1
+4 1
cfi=(58)
cfn=(510) _dl_add_to_slotinfo
calls=1 1239 
* 28
-4 2
+9 2
+2 3
cfi=(58)
cfn=(512) _dl_allocate_tls_init
calls=1 624 
* 158
86 2
2281 1
86 2
2282 9
+2 2
+5 2
+2 2
-7 6
+5 6
+2 6
+6 4
+2 24
-17 4
+17 4
cfi=(86)
cfn=(328)
calls=4 343 
* 17931
-17 11
93 3
+1 2
2307 1
cfi=(58)
cfn=(514) _dl_tls_initial_modid_limit_setup
calls=1 1196 
* 25
+6 2
+4 4
+2 1
+5 2
+4 3
+3 1
cfi=(149) /usr/src/debug/glibc/glibc/elf/dl-find_object.c
cfn=(516) _dl_find_object_init
calls=1 578 
* 842
+5 2
86 1
2340 2
86 2
2340 1
86 1
2340 2
cfi=(86)
cfn=(330) _dl_relocate_object_no_relro
calls=1 185 
* 367
93 3
+9 2
2343 1
cfi=(151) /usr/src/debug/glibc/glibc/elf/../sysdeps/nptl/dl-mutex.c
cfn=(526) __rtld_mutex_init
calls=1 30 
* 546
+1 2
cfi=(7) /usr/src/debug/glibc/glibc/elf/dl-minimal.c
cfn=(532) __rtld_malloc_init_real
calls=1 76 
* 2503
+3 2
cfi=(57)
cfn=(540) _dl_debug_post_relocate
calls=1 46 
* 532
+4 2
cfi=(86)
cfn=(506) _dl_protect_relro
calls=1 352 
* 35
+5 3
cfi=(155) /usr/src/debug/glibc/glibc/elf/dl-call-libc-early-init.c
cfn=(542) _dl_call_libc_early_init
calls=1 27 
* 1356
+7 1
cfi=(9) /usr/src/debug/glibc/glibc/elf/../sysdeps/unix/sysv/linux/dl-sysdep.c
cfn=(562) _dl_sysdep_start_cleanup
calls=1 147 
* 2
+4 2
cfi=(57)
cfn=(250) _dl_debug_update
calls=1 94 
* 7
+1 2
-1 1
+1 1
cfi=(57)
cfn=(194)
calls=1 104 
* 11
+1 1
+3 3
cfi=(61)
cfn=(564) _dl_audit_activity_nsid
calls=1 41 
* 8
+4 8
223 2
-2 1
+2 2
2293 1
+1 1
-3 2
1755 1
1279 3
1755 1
fi=(3)
56 5
+3 4
fe=(2)
1969 1
-4 1
+4 2
+14 4
fi=(46) /usr/src/debug/glibc/glibc/elf/../sysdeps/unix/sysv/linux/dl-vdso.h
40 1
+1 5
fi=(47)
-11 1
+3 1
+3 1
+3 1
+6 3
fi=(3)
+27 2
+12 3
+1 4
+1 4
+1 4
+1 4
+1 4
+1 4
+1 4
+12 1
+7 1
-7 7
+7 2
+5 2
fe=(2)
2274 2
1745 4
2680 2
+2 1
+1 1
-1 1
+1 1
+1 1
2009 2
cfn=(294)
calls=1 732 
* 859
* 2
fi=(3)
62 4
+2 4
fe=(2)
2643 2
+2 2
+1 1
1918 10
86 1
1817 1
86 2
1817 1
86 1
1817 2
cfn=(200)
calls=1 847 
* 3266
* 1
93 3
+9 3
1918 6
+1 1
-1 1
+4 3
+1 1
+1 2
+1 2
-7 2

fn=(286) version_check_doit
672 2
+2 1
-2 4
+2 3
cfi=(78) /usr/src/debug/glibc/glibc/elf/dl-version.c
cfn=(288) _dl_check_all_versions
calls=1 399 
* 6405
* 2
+4 3

fn=(2) _dl_start
517 10
86 1
fi=(6) /usr/src/debug/glibc/glibc/elf/../sysdeps/x86_64/dl-machine.h
-31 1
fe=(2)
547 1
-4 1
86 3
546 2
fi=(3)
45 4
+23 19
-23 68
+4 34
+3 5
-1 10
+3 20
+1 16
+1 5
fi=(4)
+24 1
fi=(3)
+30 2
-38 3
+12 3
+1 3
+1 4
+1 4
+1 5
+1 3
+1 4
+1 4
+12 7
+7 2
+13 3
+6 3
+1 3
+3 2
+1 3
+5 5
+3 5
fe=(2)
563 390
fi=(3)
59 4
fe=(2)
563 10
fi=(4)
80 1
fe=(2)
563 3
fi=(4)
80 1
fe=(2)
563 21
fi=(5) /usr/src/debug/glibc/glibc/elf/do-rel.h
105 1
fe=(2)
563 1
fi=(5)
101 1
+4 3
-4 1
-1 1
+1 1
+4 2
+3 2
fe=(2)
563 1
fi=(5)
101 1
+4 3
-4 1
-1 1
+1 1
+4 2
+3 2
-6 8
+11 5
+2 1
fi=(6)
273 3
fi=(5)
115 1
+2 1
-1 2
fi=(6)
282 10
+4 2
+26 4
fi=(5)
113 3
fe=(2)
563 8
fi=(5)
103 1
fi=(4)
-23 2
fe=(2)
565 1
452 1
cfi=(7)
cfn=(12) __rtld_malloc_init_stubs
calls=1 42 
* 10
+4 5
86 1
474 1
86 3
474 1
cfi=(8)
cfn=(14)
calls=1 25 
* 27
+1 1
+4 1
+9 1
-13 1
+19 1
-17 1
+2 1
+15 2
cfi=(9)
cfn=(16) _dl_sysdep_start
calls=1 102 
* 208117
* 1
+2 2
+87 9
fi=(3)
62 4
+2 4
+39 3
fe=(2)

fn=(212) map_doit
639 2
+2 1
-2 4
+2 1
+1 2
-1 2
+1 3
cfi=(41)
cfn=(214) _dl_map_object
calls=1 2237 
* 2820
* 1
+2 3

fn=(316)
818 1
fi=(83) /usr/src/debug/glibc/glibc/elf/../sysdeps/generic/dl-osinfo.h
32 2
+9 1
fi=(321) /usr/src/debug/glibc/glibc/elf/../sysdeps/unix/sysv/linux/not-cancel.h
+55 2
fi=(83)
-55 1
fe=(2)
820 1
+8 2
fi=(321)
96 2
fi=(84) /usr/src/debug/glibc/glibc/elf/../sysdeps/unix/sysv/linux/dl-reseed-random.h
-55 1
fe=(2)
834 1

fl=(62)
fn=(202)
32 5
+1 3
+1 2
+5 6
+1 4
+1 4
+1 4
+2 1
+3 3
+1 2
-1 6
+1 4
+3 4
+1 4
+1 4
+1 4
+2 3
+6 1
-1 1
+1 1
+2 2
-1 2
+2 1
+2 6
-5 10
-1 10
+1 10
+2 20
-1 20
+2 10
+2 60
+2 1
+1 6
+1 2

fl=(1) ???
fn=(0) 0x0000000000021860
0 2
cfi=(2)
cfn=(2)
calls=1 517 
0 208974
0 8
cfi=(85)
cfn=(570) _dl_cet_setup_features
calls=1 331 
0 4
0 10
cfi=(165) /usr/src/debug/glibc/glibc/elf/dl-init.c
cfn=(574) _dl_init
calls=1 81 
0 436
0 3
cob=(5)
cfi=(173)
cfn=(602)
calls=1 0 
0 411645419

fl=(78)
fn=(290) _dl_check_map_versions
155 16
+15 16
+2 24
+2 12
+1 4
+2 8
+3 6
+4 4
-20 2
-8 2
+69 12
36 4
200 4
36 12
+1 5
-1 10
+2 21
cfi=(15) /usr/src/debug/glibc/glibc/elf/dl-misc.c
cfn=(218) _dl_name_match_p
calls=7 +30 
* 983
* 18
208 4
+5 2
99 8
213 4
+4 4
+1 4
-1 2
+4 4
-3 8
-1 22
+1 22
-1 11
+4 22
-3 89
56 52
+8 26
+6 39
+16 13
+1 26
+2 13
+5 117
+14 366
+12 510
+4 170
-30 340
231 52
+3 39
+5 11
-24 11
110 13
+3 52
cfi=(44)
cfn=(130)
calls=13 -15 
* 588
* 52
224 39
+4 6
+15 6
+14 12
+3 4
+3 10
+3 2
-3 2
+3 8
+4 2
-7 8
+3 6
+4 50
-7 200
+3 152
+8 6
+6 6
fi=(37)
44 3
fe=(78)
280 6
fi=(37)
44 3
cfi=(36)
cfn=(102)
calls=3 +36 
* 84
fe=(78)
281 6
-2 3
fi=(37)
44 3
fe=(78)
281 3
+13 3
-3 3
+3 12
+2 6
+3 6
+4 6
+18 11
-15 11
+2 44
-2 2
+2 8
+2 13
+1 13
-1 39
+1 13
+1 13
-2 13
+2 26
+1 39
+3 39
+8 6
+48 6
+1 4
+1 4
+1 2
+19 21
-60 6
+3 6
+20 52
-14 108
-2 52
+6 52
+1 52
+1 52
-1 104
+1 52
-1 52
+1 52
+1 52
+3 162
+11 225
+1 142
+1 18
164 2
-8 2
257 8
-86 1
394 3
274 3
377 4
+2 120
+1 58
+2 1
+1 2
-1 1
+1 1
cfi=(44)
cfn=(292) strncmp
calls=1 98 
* 43
* 3

fn=(288)
399 5
+4 3
-2 7
+4 24
cfn=(290)
calls=4 155 
* 6343
-2 4
+1 4
-1 8
+5 7

fl=(7)
fn=(12)
42 1
+1 2
+1 2
+1 2
+1 2
+1 1

fn=(532)
76 2
+10 1
fi=(153) /usr/src/debug/glibc/glibc/elf/../sysdeps/generic/dl-hash.h
-41 1
-1 2
fe=(7)
+32 7
+11 1
-1 1
fi=(153)
-43 2
+5 3
+14 4
-17 3
+3 15
+14 20
-17 15
fe=(7)
+46 2
fi=(153)
-24 1
fe=(7)
+22 1
+2 1
fi=(153)
-19 1
fe=(7)
+19 1
cfn=(536) lookup_malloc_symbol
calls=1 -30 
* 606
+1 3
-1 1
+1 1
cfn=(536)
calls=1 -31 
* 554
+1 3
-1 1
+1 1
cfn=(536)
calls=1 -32 
* 616
+1 3
-1 1
+1 1
cfn=(536)
calls=1 -33 
* 617
+5 1
+1 1
+1 1
+1 1
+1 7

fn=(176) strsep
239 4
+3 12
+2 4
+1 8
+4 9
-2 9
+4 56
+5 156
-2 108
+6 4
+7 2
+4 4
-4 1
+4 4
-22 26
+15 26
-15 54

fn=(536)
61 8
+3 4
-3 12
+3 4
-3 4
+3 20
-1 4
+1 4
cfi=(87) /usr/src/debug/glibc/glibc/elf/dl-lookup.c
cfn=(338) _dl_lookup_symbol_x
calls=4 767 
* 2237
+4 8
-4 4
+4 20
+1 24
+2 4
fi=(154) /usr/src/debug/glibc/glibc/elf/./dl-sym-post.h
-26 8
+12 12
fe=(7)
+15 16

fl=(63)
fn=(208) _dl_catch_exception
208 18
58 3
208 6
+3 6
+21 6
+1 6
58 6
239 9
cfi=(64) /usr/src/debug/glibc/glibc/setjmp/../sysdeps/x86_64/setjmp.S
cfn=(210) __sigsetjmp
calls=3 31 
* 72
* 9
+2 12
cfi=(74)
cfn=(262) openaux
calls=2 62 
* 4451
cfi=(2)
cfn=(212)
calls=1 639 
* 2839
69 9
+1 6
243 12
+9 9
59 6
+11 9

fn=(284)
190 2
58 1
190 3
+2 1
58 1
+1 1
+11 1
196 1
+2 2
cfi=(2)
cfn=(286)
calls=1 672 
* 6420
69 2
+1 1
201 1
+1 4

fn=(206)
258 6
+2 1
-2 1
+2 1
-2 2
+2 1
-2 1
+2 1
cfn=(208)
calls=1 -52 
* 2907
* 1
+1 2
+1 1
+1 1
-1 1
+3 1
-2 1
+2 6

fl=(9)
fn=(16)
102 6
+4 1
-4 2
+1 1
+3 1
cfn=(18) _dl_sysdep_parse_arguments
calls=1 -28 
* 1178
+4 3
cfi=(12)
cfn=(24) __GI___tunables_init
calls=1 311 
* 78304
+3 1
cfi=(22) /usr/src/debug/glibc/glibc/elf/dl-sort-maps.c
cfn=(52) _dl_sort_maps_init
calls=1 289 
* 32
+2 2
cfi=(23) /usr/src/debug/glibc/glibc/elf/../sysdeps/unix/sysv/linux/brk.c
cfn=(56) brk
calls=1 -79 
* 8
fi=(6)
+94 1
cfi=(24) /usr/src/debug/glibc/glibc/elf/../sysdeps/x86/dl-get-cpu-features.c
cfn=(60) _dl_x86_init_cpu_features
calls=1 37 
* 7823
fe=(9)
-87 3
+1 1
cfi=(31) /usr/src/debug/glibc/glibc/string/../sysdeps/x86_64/multiarch/../multiarch/strlen-sse2.S
cfn=(90) strlen
calls=1 -66 
* 17
* 1
+2 2
cfi=(32) /usr/src/debug/glibc/glibc/elf/../misc/sbrk.c
cfn=(92) sbrk
calls=1 -88 
* 13
* 3
+12 3
+3 5
cfi=(2)
cfn=(94)
calls=1 1346 
* 120700
+3 6

fn=(562)
147 1
+1 1

fn=(18)
78 1
+2 1
-2 8
+1 1
+1 1
-1 1
+2 3
+2 4
-1 1
+1 2
-1 285
+1 570
+3 1
+4 3
-4 1
+4 1
cfi=(10) /usr/src/debug/glibc/glibc/string/../sysdeps/x86_64/multiarch/../multiarch/memset-vec-unaligned-erms.S
cfn=(20) memset
calls=1 +42 
* 63
fi=(11) /usr/src/debug/glibc/glibc/elf/../sysdeps/unix/sysv/linux/dl-parse_auxv.h
-47 1
-9 1
+1 1
-1 1
+2 1
+7 4
+1 44
+1 44
-2 88
+23 2
fe=(9)
+27 3
fi=(11)
-27 1
fe=(9)
+28 1
+1 1
fi=(11)
-29 1
-18 1
+20 1
-19 1
+19 1
-18 1
fe=(9)
+43 1
fi=(11)
-40 1
+1 1
+1 1
+1 1
+2 1
+10 3
-15 1
+1 1
-5 1
+1 1
+5 1
+3 1
-7 1
-4 1
+1 1
fe=(9)
+46 1
+1 1
fi=(11)
-39 1
+12 1
-2 1
fe=(9)
+27 1
+3 8

fl=(17) /usr/src/debug/glibc/glibc/io/../sysdeps/unix/sysv/linux/fstat64.c
fn=(38) fstat
30 3
+9 12
+33 3

fl=(57)
fn=(250)
94 3
-17 3
-1 6
+20 6
+4 3

fn=(540)
46 2
+6 3
-6 2
+6 5
-1 1
+1 1
cfi=(87)
cfn=(338)
calls=1 767 
* 500
+2 2
-2 1
+2 3
+2 7
+1 3
+13 2

fn=(194)
104 2
+3 2
-2 2
+2 4
+4 2
cfi=(60) /usr/src/debug/glibc/glibc/elf/dl-debug_state.c
cfn=(196) _dl_debug_state
calls=2 -83 
* 4
-4 6

fn=(188)
120 1
-44 2
+46 2
+5 3
+27 3
+3 2
-37 1
+48 1
-8 2
+2 3

fl=(75) /usr/src/debug/glibc/glibc/io/../sysdeps/unix/sysv/linux/stat64.c
fn=(270) stat
28 4
+1 8
cfi=(14) /usr/src/debug/glibc/glibc/io/../sysdeps/unix/sysv/linux/fstatat64.c
cfn=(30) fstatat
calls=2 146 
* 20

fl=(49) /usr/src/debug/glibc/glibc/elf/dl-hwcaps.c
fn=(164) copy_hwcaps
73 6
+6 2
-6 2
+6 2
-6 6
fi=(51) /usr/src/debug/glibc/glibc/elf/./dl-hwcaps.h
-30 2
+2 2
+32 2
+1 8
fe=(49)
+1 4
-1 2
+1 8
cfi=(38)
cfn=(168) mempcpy
calls=2 197 
* 26
+4 2
+2 2
+2 2
-3 2
+1 4
+1 4
+1 2
-11 4
cfi=(52) /usr/src/debug/glibc/glibc/elf/dl-hwcaps_split.c
cfn=(152) _dl_hwcaps_split_masked
calls=2 -25 
* 133
* 4
cfi=(52)
cfn=(152)
calls=2 -25 
* 172
* 8
+13 12

fn=(144) _dl_important_hwcaps
171 7
+3 1
-3 1
+3 1
-3 6
+2 1
cfi=(50) /usr/src/debug/glibc/glibc/elf/../sysdeps/x86_64/dl-hwcaps-subdirs.c
cfn=(146) _dl_hwcaps_subdirs_active
calls=1 29 
* 31
fi=(51)
43 1
fe=(49)
173 1
fi=(51)
45 1
+32 1
+1 2
fe=(49)
-27 2
cfi=(52)
cfn=(152)
calls=1 * 
* 20
* 2
fi=(51)
-8 1
+2 1
-2 1
+34 2
+1 3
fe=(49)
-24 2
-1 2
+1 2
+2 4
-5 4
cfi=(52)
cfn=(152)
calls=2 * 
* 133
* 2
cfi=(52)
cfn=(152)
calls=1 * 
* 152
* 6
+48 4
fi=(37)
-43 2
cfi=(36)
cfn=(106) __minimal_malloc
calls=1 -20 
* 18
fe=(49)
+43 1
+2 2
+3 2
+3 1
fi=(51)
-64 1
+2 2
fe=(49)
+66 2
cfi=(52)
cfn=(154) _dl_hwcaps_split
calls=1 -86 
* 7
* 2
fi=(51)
-68 1
+2 1
-2 1
+34 2
+1 3
fe=(49)
+48 10
+1 4
+1 2
+1 2
-1 2
-4 4
cfi=(52)
cfn=(152)
calls=2 -73 
* 133
* 2
cfi=(52)
cfn=(152)
calls=1 -73 
* 152
* 6
+8 3
+9 3
+3 10
-2 7
+8 2
+4 2
-4 2
+4 3
cfi=(54) /usr/src/debug/glibc/glibc/string/../sysdeps/x86_64/multiarch/../multiarch/memcmp-sse2.S
cfn=(160) bcmp
calls=1 -95 
* 19
+1 2
+1 1
+4 1
+1 2
+1 1
-20 2
+19 1
+1 1
-20 3
-1 7
+47 4
-3 1
+7 1
-7 1
+7 1
fi=(37)
56 1
cfi=(36)
cfn=(106)
calls=1 -20 
* 18
* 1
fe=(49)
193 2
+8 1
+1 5
-1 3
+1 2
cfn=(164)
calls=1 73 
* 44
+1 5
cfn=(164)
calls=1 73 
* 379
* 1
+4 1
-23 1
+23 1
+1 1
-24 3
+31 9

fl=(69) /usr/src/debug/glibc/glibc/elf/../sysdeps/unix/sysv/linux/dl-map-segment-align.c
fn=(236) _dl_map_segment_align
28 8
+4 8
-3 8
+3 8
+1 16

fl=(74)
fn=(260) expand_dst.constprop.0
94 10
+3 2
-3 8
+3 2
cfi=(41)
cfn=(180) _dl_dst_count
calls=2 212 
* 100
+1 4
+1 2
+13 10

fn=(262)
62 12
+7 2
-4 6
+1 2
-1 14
cfi=(41)
cfn=(214)
calls=2 2237 
* 4407
* 2
+5 6

fn=(256)
132 5
+1 2
-1 1
+1 1
-1 2
+1 1
-1 1
+1 1
-1 1
+1 1
-1 1
+1 1
-1 2
+1 8
-8 1
+8 2
-8 1
-6 1
-2 1
+16 1
-8 1
-7 1
+1 1
+6 1
+24 4
-28 6
-2 1
+31 1
-33 1
+32 1
-30 2
+30 1
-30 1
-1 1
+1 1
+6 4
+24 3
+28 3
-24 1
+18 1
fi=(77) /usr/src/debug/glibc/glibc/elf/../include/scratch_buffer.h
-93 1
fe=(74)
+95 1
-20 1
fi=(77)
-76 2
fe=(74)
234 4
-48 1
-4 1
+4 5
-4 3
+4 6
+11 12
-18 2
+18 4
439 8
+2 2
+3 6
-3 4
fi=(37)
56 2
cfi=(36)
cfn=(106)
calls=2 -20 
* 36
fe=(74)
445 4
fi=(37)
56 2
fe=(74)
445 2
+7 6
-1 4
+1 4
cfi=(38)
cfn=(110)
calls=2 210 
* 22
+1 10
cfi=(38)
cfn=(110)
calls=2 210 
* 22
+3 2
+1 4
+4 12
177 6
464 9
-1 4
+1 8
172 6
+27 8
+7 2
+4 2
-6 2
+1 2
+1 2
+1 4
+3 6
-2 2
-29 10
+32 108
fi=(55) /usr/src/debug/glibc/glibc/elf/./dl-scratch-buffer.h
100 8
cfi=(10)
cfn=(20)
calls=2 +32 
* 98
fe=(74)
220 2
fi=(55)
100 2
fe=(74)
220 8
cfn=(260)
calls=2 94 
* 138
+1 4
+13 4
-2 2
+2 4
cfi=(63)
cfn=(208)
calls=2 -26 
* 4587
fi=(55)
-94 6
fe=(74)
+96 4
+9 2
+2 4
+5 10
+6 2
+2 2
-8 4
+3 2
+1 2
+1 2
+1 2
+4 2
-3 2
+3 6
+4 4
+1 3
-57 224
+59 156
fi=(77)
85 4
fe=(74)
470 5
+1 1
+3 4
+11 5
fi=(37)
56 1
cfi=(36)
cfn=(106)
calls=1 -20 
* 18
fe=(74)
487 3
fi=(37)
56 1
fe=(74)
487 1
+5 1
+2 1
-2 1
+1 1
-1 1
+4 1
-4 1
+4 4
+4 12
+6 4
+1 8
-1 4
+6 4
-16 12
+21 3
+37 2
+15 1
-11 1
+21 1
-24 2
+20 1
-1 4
+1 1
-1 5
cfi=(22)
cfn=(280) _dl_sort_maps
calls=1 298 
* 247
+5 1
+2 1
+1 1
-1 1
+2 2
+7 3
+3 3
+3 8
187 27
+3 2
fi=(77)
-59 6
cfi=(76) /usr/src/debug/glibc/glibc/malloc/scratch_buffer_set_array_size.c
cfn=(276) __libc_scratch_buffer_set_array_size
calls=2 30 
* 44
fe=(74)
+59 6
+4 5
569 2
cfi=(38)
cfn=(110)
calls=1 210 
* 11
* 2
-53 2
133 2

fl=(85)
fn=(326) dl_cet_check
269 4
+6 2
+2 2
-1 1
+6 1
+3 1
-3 1
+1 1
-1 1
+1 1
-1 1
+1 1
+5 2
+5 2
+25 2

fn=(324)
361 1
+1 1
cfn=(326)
calls=1 -93 
* 23

fn=(570)
331 1
+3 2
+16 1

fl=(36)
fn=(106)
36 27
+1 81
+11 78
+3 26
-3 26
+3 52
-3 2
+3 1
-3 1
+3 102
+5 8
+1 4
-21 2
+24 6
-24 6
+24 2
-24 2
+23 2
+1 4
-24 2
+24 2
cfi=(18) /usr/src/debug/glibc/glibc/misc/../sysdeps/unix/sysv/linux/mmap64.c
cfn=(40) mmap
calls=2 -13 
* 52
+2 4
+2 10
cfi=(67) /usr/src/debug/glibc/glibc/misc/../sysdeps/unix/sysv/linux/setvmaname.c
cfn=(230) __set_vma_name
calls=2 -4 
* 82
+6 8
-3 4
+4 2
-1 2
+1 2
+2 10
-3 25
+1 25
+2 25
-30 1
-1 1
+1 1
+1 2
-2 2

fn=(186) __minimal_free
97 3
+2 11
-2 1
+6 4
-6 1
+6 1
cfi=(10)
cfn=(20)
calls=1 +29 
* 14
+3 1
-2 1
+2 1

fn=(102)
80 8
+4 24
+3 8
+1 24
fi=(37)
-32 16
cfi=(36)
cfn=(106)
calls=8 -20 
* 267
fe=(36)

fl=(29) /usr/src/debug/glibc/glibc/elf/../sysdeps/x86/dl-cacheinfo.h
fn=(76) handle_intel.constprop.0
291 24
-6 60
+12 12
+1 12
+3 24
+2 6
+2 2
+5 4
-5 11
+5 44
+5 60
cfn=(78) intel_check_word.constprop.0
calls=12 143 
* 4200
+2 48
+5 72
cfn=(78)
calls=12 143 
* 1741
+2 24
+9 60

fn=(78)
143 48
-5 24
+11 48
250 24
138 72
243 24
138 144
+11 48
-11 24
+11 24
+87 72
-87 24
+87 72
-85 96
+2 60
+2 120
+73 120
-65 120
+65 96
+22 96
fi=(30) /usr/src/debug/glibc/glibc/elf/../bits/stdlib-bsearch.h
28 48
fe=(29)
250 48
fi=(30)
28 96
fe=(29)
129 96
+3 588
fi=(30)
26 648
+2 828
fe=(29)
129 552
+16 12
281 192
fi=(30)
44 60
-1 60
+3 120
fe=(29)
201 24
+1 24
+2 24
-32 24
+5 196
+1 28
+14 99
+4 64
+2 152
+1 24
+22 21
-46 132
+5 5
+3 10
-3 15
+20 40
+1 44
+1 50
+1 38
+1 24
+2 22
+2 22
+6 14
+3 8
+1 12
-35 5
+1 5
+2 5
-2 15
+1 10
+1 10
+29 9
+9 2
-14 4
+2 4
+1 4
-3 4
+2 8
-2 4
+3 4
-2 12
+2 4
-2 4
+2 8

fn=(82) get_common_cache_info.constprop.0
798 11
+47 1
-32 1
+3 1
+29 1
-32 1
+32 1
-17 2
-11 1
+28 3
+4 2
-26 1
+31 1
-14 1
-15 6
+32 20
+1 12
+1 4
+11 8
+4 6
+14 2
-17 8
+3 20
+5 2
1018 1
-2 1
+1 1
+1 1
+1 5
901 6
-9 1
+3 1
+1 1
-4 2
+3 3
+6 4
-76 5
+82 4
+8 1
+2 1
-2 5
+2 2
-2 1
+4 1
+23 2
-21 4
+4 2
-4 3
+4 6
+2 4
+3 2
+5 1
+2 2
+1 1
+1 1
-2 2
+1 1
-19 4
+46 2
+2 1
-1 1
+1 2
+2 2
-1 1
+25 1
+11 2
+1 5
+4 2
883 1
+1 1
-1 2
+1 1
+61 2
-7 1
+11 2
+3 1
+2 4
+1 2
+5 2
+49 3

fl=(155)
fn=(542)
27 1
+2 2
-2 1
+6 3
-6 3
+6 1
-6 1
+6 2
cfi=(152) /usr/src/debug/glibc/glibc/elf/dl-lookup-direct.c
cfn=(528) _dl_lookup_direct
calls=1 +41 
* 240
* 1
+4 3
+2 3
+1 1
-1 1
+2 2
-1 1
cob=(2)
cfi=(156)
cfn=(544)
calls=1 -6 
* 1090

fl=(165)
fn=(576) call_init
29 10
-2 15
+8 5
-8 40
+8 10
+2 10
+6 4
+3 4
-3 8
+3 8
+5 6
+8 9
+1 6
cob=(3)
cfi=(166)
cfn=(578)
calls=1 -60 
* 7
+3 3
+1 6
+6 6
+3 4
-1 16
+2 8
cob=(2)
cfi=(172)
cfn=(598)
calls=1 -10 
* 22
cob=(2)
cfi=(171)
cfn=(596)
calls=1 549 
* 12
* 8
cob=(2)
cfi=(168)
cfn=(588)
calls=1 -28 
* 76
cob=(4)
cfi=(167)
cfn=(582)
calls=1 -74 
* 12
-1 14
+3 30
-29 2

fn=(574)
81 13
+1 1
+1 1
+3 3
+8 2
+25 1
+1 5
+1 5
-1 1
+1 1
cfn=(576)
calls=1 -92 
* 38
* 15
-1 3
+1 3
cfn=(576)
calls=3 -92 
* 240
-1 8
+7 8
-22 1
-17 1
cfn=(576)
calls=1 -59 
* 83
+1 3

fl=(18)
fn=(40)
47 12
+3 24
-3 72
+6 24
+5 72
+2 48
-7 29

fl=(64)
fn=(210)
31 3
+2 3
+9 3
+1 6
+1 3
+4 3
+1 3
+1 3
+1 3
+1 3
+2 6
+2 3
+1 3
+1 3
+2 6
+2 3
+8 3
+3 3
+1 3
+7 3
+1 3

fl=(33)
fn=(312)
69 2
fi=(322) /usr/src/debug/glibc/glibc/elf/../include/list.h
-25 1
fe=(33)
+25 2
fi=(322)
-26 1
fe=(33)
+27 1
+3 1
fi=(322)
-30 1
fe=(33)
+33 1
fi=(322)
-32 1
+1 1
+2 1
fe=(33)
+29 3
+1 1
+18 1
-6 1
-12 1
+1 1
+1 1
+5 2
+11 1
-6 1
+2 1
+1 1
+3 1
+16 4
cfi=(12)
cfn=(54)
calls=1 610 
* 18
fi=(82) /usr/src/debug/glibc/glibc/elf/../sysdeps/unix/sysv/linux/rseq-internal.h
-11 1
-7 1
+7 2
+24 1
fe=(33)
-11 1
+6 2
+1 2
fi=(82)
-12 2
-15 2
+15 2
+4 1
-19 1
+19 3
cfi=(10)
cfn=(20)
calls=1 +20 
* 13
+4 1
+2 2
-6 1
+6 1
-2 1
+2 2
+1 2
fe=(33)

fn=(96)
54 4
+3 9
+5 2
+1 1
+2 1

fn=(116) rtld_mutex_dummy
43 8
+2 16

fl=(86)
fn=(330)
185 48
+16 4
-16 4
+16 4
+3 12
-6 4
+26 12
+1 8
-30 4
+33 4
+7 6
fi=(6)
78 6
+6 4
+4 3
+6 1
+9 2
+23 2
fe=(86)
+66 1
fi=(4)
80 1
fe=(86)
281 2
fi=(4)
80 2
fe=(86)
281 2
fi=(4)
80 3
fe=(86)
281 6
fi=(4)
80 6
fe=(86)
281 10519
fi=(4)
80 2
fe=(86)
281 2
fi=(4)
80 4
fe=(86)
281 141
fi=(5)
105 6
fe=(86)
281 1
fi=(5)
101 1
+4 2
+22 1
-22 1
-5 1
+1 1
+1 1
-1 1
+4 1
-3 2
+3 1
-3 1
+3 1
+22 2
-22 18
fe=(86)
281 3
fi=(5)
101 3
+4 6
+22 3
-22 3
-5 3
+1 3
+1 3
-1 3
+4 3
-3 6
+3 3
-3 3
+3 3
+22 6
fe=(86)
281 4
fi=(5)
101 4
+4 8
+22 4
-22 4
-5 4
+1 4
+1 4
-1 4
+4 4
-3 8
+3 4
-3 4
+3 4
+22 8
+3 5
-86 97
+4 194
fi=(6)
509 97
+1 97
-1 97
+4 194
+3 291
+1 97
fi=(5)
130 291
+2 97
-84 97
+84 485
-84 194
-2 388
+84 1
fe=(86)
281 20
fi=(6)
725 28
+4 6
fe=(86)
288 8
+1 2
+2 4
fi=(4)
80 4
fe=(86)
295 20
fi=(4)
80 4
fe=(86)
295 8
fi=(4)
80 4
fe=(86)
295 124
fi=(5)
-84 1
+5 1
-5 2
+1 1
-1 1
+3 1
-2 2
+2 3
-2 1
+2 3
+2 2
fe=(86)
+79 21
fi=(5)
-84 3
+5 3
-5 6
+1 3
-1 3
+3 3
-2 6
+2 9
-2 3
+2 9
+2 6
fe=(86)
+79 4
fi=(5)
-84 4
+5 4
-5 8
+1 4
-1 4
+3 4
-2 8
+2 12
-2 4
+2 12
+2 8
+2 300
+2 97
48 97
220 97
44 97
220 388
48 194
-2 388
+2 194
218 2
fe=(86)
+77 20
+3 28
+23 4
+3 8
+14 32
fi=(5)
141 21
+12 6
+3 20
+2 10
fi=(6)
431 12
fi=(5)
160 3
+1 3
-1 6
+1 6
48 6
160 158
+1 158
-1 316
+1 316
48 316
-2 644
-2 161
+4 322
160 114
+2 114
fi=(6)
+97 114
fi=(5)
-97 114
-2 228
+3 456
fi=(6)
+99 228
+7 228
+4 228
fe=(86)
148 456
fi=(4)
+5 300
fe=(86)
-4 200
+3 200
+8 454
+4 2
-3 1
+1 1
+2 188
-3 92
+1 92
+2 461
+1 93
-1 93
+2 186
-1 372
+3 651
cfi=(87)
cfn=(338)
calls=93 767 
* 50594
+3 93
+1 279
-4 93
+3 93
+1 186
fi=(6)
282 300
+3 97
-3 666
+4 222
+26 684
493 297
+5 198
+1 198
fi=(5)
150 99
fi=(6)
499 198
fi=(5)
150 208
+3 15
+22 9
+2 5
48 2
177 25
48 10
-2 24
-2 6
+4 12
178 6
fi=(6)
+81 6
fi=(5)
-81 6
+4 6
fi=(6)
+80 12
+7 12
+4 12
fe=(86)
148 24
fi=(4)
+5 18
fe=(86)
-4 12
+3 12
+8 30
+4 12
-3 6
+1 6
+2 36
+4 30
-4 6
+4 12
cfi=(87)
cfn=(338)
calls=6 767 
* 2744
+3 6
+1 12
-4 6
+3 6
+1 12
fi=(6)
282 18
+3 2
-3 12
+4 4
+26 36
418 94
fi=(5)
68 94
169 94
68 193
169 5
68 10
169 15
68 30
+90 486
fe=(86)
281 12
fi=(4)
80 4
fi=(5)
+23 8
fi=(6)
455 15
+5 10
-1 15
+1 10
-1 5
cfi=(38)
cfn=(110)
calls=5 210 
* 57
+2 10
-2 5
+2 15
+1 10
-67 45
+2 60
+4 45
+9 15
fi=(5)
68 30
fi=(6)
418 16
fe=(86)
165 14
fi=(6)
282 28
fi=(5)
-54 21
+5 10
-2 3
fi=(6)
431 3
fi=(5)
231 3
fi=(6)
431 12
fi=(5)
233 483
+2 322
+1 322
-1 161
44 161
235 483
48 322
-2 805
+2 322
240 47
fi=(6)
+19 47
fi=(5)
-19 94
46 47
241 188
fe=(86)
-93 94
fi=(6)
282 329
+4 94
+26 282
fi=(5)
68 47
244 47
68 94
233 3
fe=(86)
+62 12
fi=(5)
-82 4
fi=(4)
80 8
fi=(6)
282 141
+20 10
fe=(86)
-21 5
+14 5
fi=(6)
471 94
+1 141
+1 47
cfi=(24)
cfn=(524) __x86_cpu_features
calls=1 76 
* 6
cob=(2)
cfi=(147)
cfn=(504)
calls=1 29 
* 7
cob=(2)
cfi=(145)
cfn=(500)
calls=1 30 
* 22
cob=(2)
cfi=(144)
cfn=(496)
calls=1 29 
* 22
cob=(2)
cfi=(143)
cfn=(492)
calls=1 29 
* 20
cob=(2)
cfi=(142)
cfn=(488)
calls=1 30 
* 24
cob=(2)
cfi=(141)
cfn=(484)
calls=1 31 
* 22
cob=(2)
cfi=(140)
cfn=(480)
calls=1 29 
* 19
cob=(2)
cfi=(138)
cfn=(476)
calls=1 29 
* 24
cob=(2)
cfi=(137)
cfn=(472)
calls=1 32 
* 24
cob=(2)
cfi=(136)
cfn=(468)
calls=1 31 
* 22
cob=(2)
cfi=(135)
cfn=(466)
calls=1 60 
* 17
cob=(2)
cfi=(134)
cfn=(464)
calls=1 29 
* 7
cob=(2)
cfi=(133)
cfn=(460)
calls=1 31 
* 22
cob=(2)
cfi=(132)
cfn=(458)
calls=1 67 
* 22
cob=(2)
cfi=(130)
cfn=(454)
calls=2 31 
* 44
cob=(2)
cfi=(128)
cfn=(450)
calls=1 31 
* 20
cob=(2)
cfi=(127)
cfn=(446)
calls=1 30 
* 24
cob=(2)
cfi=(126)
cfn=(442)
calls=1 29 
* 24
cob=(2)
cfi=(125)
cfn=(440)
calls=1 71 
* 21
cob=(2)
cfi=(104)
cfn=(436)
calls=2 31 
* 48
cob=(2)
cfi=(123)
cfn=(432)
calls=1 29 
* 24
cob=(2)
cfi=(121)
cfn=(428)
calls=1 29 
* 23
cob=(2)
cfi=(120)
cfn=(426)
calls=1 79 
* 20
cob=(2)
cfi=(119)
cfn=(424)
calls=1 29 
* 7
cob=(2)
cfi=(117)
cfn=(420)
calls=2 32 
* 48
cob=(2)
cfi=(116)
cfn=(416)
calls=1 30 
* 20
cob=(2)
cfi=(114)
cfn=(412)
calls=1 29 
* 20
cob=(2)
cfi=(113)
cfn=(408)
calls=1 29 
* 22
cob=(2)
cfi=(112)
cfn=(404)
calls=1 29 
* 22
cob=(2)
cfi=(111)
cfn=(400)
calls=1 31 
* 18
cob=(2)
cfi=(110)
cfn=(396)
calls=1 29 
* 22
cob=(2)
cfi=(108)
cfn=(392)
calls=1 29 
* 23
cob=(2)
cfi=(107)
cfn=(388)
calls=1 29 
* 19
cob=(2)
cfi=(105)
cfn=(384)
calls=2 31 
* 36
cob=(2)
cfi=(104)
cfn=(380)
calls=1 31 
* 18
cob=(2)
cfi=(102)
cfn=(376)
calls=1 29 
* 24
cob=(2)
cfi=(100)
cfn=(372)
calls=1 29 
* 22
cob=(2)
cfi=(98)
cfn=(368)
calls=1 33 
* 19
cob=(2)
cfi=(96)
cfn=(364)
calls=1 31 
* 18
cob=(2)
cfi=(94)
cfn=(360)
calls=1 33 
* 22
cob=(2)
cfi=(92)
cfn=(356)
calls=1 31 
* 22
cob=(2)
cfi=(90)
cfn=(352)
calls=1 86 
* 30
* 47
-85 94
fe=(86)
281 64
153 42
+3 7
-1 7
+19 7
-18 14
-3 14
fi=(6)
302 174
418 6
fi=(5)
68 6
184 6
68 12
175 20
+75 27
+2 12
+1 12
-1 6
44 6
252 18
48 12
-2 30
+2 12
250 2
fe=(86)
+42 3
cfi=(58)
cfn=(350) _dl_init_static_tls
calls=1 1323 
* 93
* 2
-64 4
+7 6
-9 4
-61 12

fn=(506)
352 4
+1 12
+3 20
+3 4
-3 4
+3 4
+4 8
-11 4
+12 12
-12 12
+12 4
-12 4
+12 4
cfi=(148) /usr/src/debug/glibc/glibc/misc/../sysdeps/unix/syscall-template.S
cfn=(508) mprotect
calls=4 117 
* 24
* 8
+6 12

fn=(328)
343 5
+1 12
-1 9
+3 6
cfn=(330)
calls=3 185 
* 90078
+1 3
+1 3
-1 3
cfn=(506)
calls=3 +5 
* 105

fl=(34)
fn=(98)
28 3
+1 3
+3 294
+13 284
-13 568
+2 572
+1 32
+5 2
-3 2
+3 2
+2 2

fl=(76)
fn=(276)
30 24
+4 2
+1 4
+10 4
+18 4
-17 2
+17 4

fl=(13) /usr/src/debug/glibc/glibc/elf/dl-cache.c
fn=(26) _dl_load_cache_tunables
611 6
+6 1
cfn=(28) _dl_check_ldsocache_needs_loading
calls=1 407 
* 38
* 2
+3 3
+5 1
-4 1
+4 5
cfi=(20) /usr/src/debug/glibc/glibc/elf/../sysdeps/generic/dl-cache.h
cfn=(46) cache_extension_load
calls=1 323 
* 64
* 2
+4 3
-6 1
+49 4
-54 1
cfn=(32) _dl_maybe_load_ldsocache
calls=1 460 
* 249
* 1

fn=(28)
407 3
+12 2
+2 5
cfi=(14)
cfn=(30)
calls=1 146 
* 8
* 1
+1 3
+25 1
-21 2
+14 2
+1 2
+1 2
+1 2
+4 2
+7 1
-6 1
+6 1

fn=(32)
460 1
+6 2
-6 2
+6 1
-3 1
+3 1
cfi=(15)
cfn=(34) _dl_sysdep_read_whole_file
calls=1 36 
* 103
+8 6
+1 8
+3 2
+1 1
-1 4
fi=(20)
194 1
+1 5
fe=(13)
487 1
+43 6
cfi=(20)
cfn=(46)
calls=1 323 
* 64
* 6
+9 1
cfn=(48) _dl_maybe_unload_ldsocache
calls=1 390 
* 15
+4 1
-1 1
-2 1
+1 1
+2 2
-1 1
+1 3
-3 1
+3 2
-2 1
+2 2
+3 2

fn=(48)
390 1
+1 1
-1 1
+1 2
64 1
394 1
+1 1
+1 1
64 1
+2 1
401 1
67 1
+1 1
401 1

fl=(22)
fn=(280)
298 24
+8 2
-8 2
+8 4
-95 2
-28 2
-2 2
+1 2
+29 2
-28 8
+1 2
-1 2
+1 2
-1 4
+1 6
-1 6
+1 6
-1 12
+28 28
+5 2
+3 6
-3 2
+3 12
-1 2
+3 24
+2 8
-83 16
+3 24
cfn=(282) dfs_traversal.part.0
calls=8 -8 
* 228
+83 24
+18 12
+32 8
+7 2
+27 16
-47 6
cfi=(38)
cfn=(110)
calls=2 -53 
* 22
* 2

fn=(52)
289 2
+1 2
-1 2
+1 2
cfi=(12)
cfn=(54)
calls=1 610 
* 18
+2 3
-1 1
+2 2

fn=(282)
135 40
+10 8
-2 8
+2 16
+2 20
-7 20
+7 40
+9 16
+15 24
+1 8
+1 16
-17 12

fl=(50)
fn=(146)
29 1
fi=(28) /usr/src/debug/glibc/glibc/elf/../sysdeps/x86/get-isa-level.h
+2 4
+1 3
+7 5
+1 4
+8 3
+3 4
+3 2
fe=(50)
-3 4
+1 1

fl=(65) /usr/src/debug/glibc/glibc/io/../sysdeps/unix/sysv/linux/read_nocancel.c
fn=(226) __read_nocancel
25 2
+1 8
+1 2

fl=(8)
fn=(14)
25 4
+3 12
+3 12
+1 8
+2 4
-1 4
+3 12
+1 4
+1 8
+2 4
-2 4
+3 8
+4 8
-2 4
+2 8
+5 4

fl=(148)
fn=(508)
117 20
+5 4

fl=(25) /usr/src/debug/glibc/glibc/elf/../sysdeps/x86/cpu-features.c
fn=(62) init_cpu_features.constprop.0
728 1
+3 1
-3 7
+3 1
+9 1
-8 1
+1 1
+9 1
+9 2
+3 6
+6 6
cfn=(64) get_common_indices.constprop.0
calls=1 431 
* 71
409 3
+1 2
+1 6
+5 2
+1 6
+5 2
+1 6
765 1
cfn=(68) update_active.constprop.0
calls=1 90 
* 200
+4 1
+4 1
1162 1
770 3
+3 2
901 2
+7 2
+60 2
+7 2
+2 2
+4 2
+6 2
1170 1
fi=(29)
+54 1
-63 1
fe=(25)
758 1
fi=(29)
1224 2
fe=(25)
-62 2
fi=(29)
+32 7
fe=(25)
755 1
1154 3
+1 2
+3 2
+1 2
+3 2
+10 1
-3 1
+1 1
+1 1
+1 1
fi=(29)
1042 2
1148 1
+5 1
+11 1
-9 1
+4 1
+5 1
-16 1
+1 1
+15 1
-10 1
-5 1
+1 1
+5 1
-5 1
+1 1
+5 1
-5 1
+1 1
+5 1
-5 1
+6 1
+37 2
-17 3
+8 2
+29 6
+9 3
+20 2
+13 2
-13 1
+6 2
+20 1
-20 1
+7 1
-7 1
+7 1
cfi=(12)
cfn=(54)
calls=1 610 
* 17
* 1
+5 2
-3 2
+3 2
cfi=(12)
cfn=(54)
calls=1 610 
* 17
* 1
+12 1
+78 1
-78 1
-10 1
+88 2
-82 2
+82 1
-78 1
+78 1
-78 1
cfi=(12)
cfn=(54)
calls=1 610 
* 17
* 1
+1 6
+3 3
+62 2
-53 5
cfi=(12)
cfn=(54)
calls=1 610 
* 17
* 1
+5 1
-4 1
+4 1
-4 2
+37 1
-33 1
+33 2
-33 1
cfi=(12)
cfn=(54)
calls=1 610 
* 17
* 1
+7 1
-6 1
+50 1
-44 2
+44 1
-44 1
cfi=(12)
cfn=(54)
calls=1 610 
* 17
+2 1
-2 1
+2 2
-2 1
+26 9
cfi=(12)
cfn=(84) __GI___tunable_set_val
calls=1 167 
* 41
+6 2
+1 2
cfi=(12)
cfn=(88) __tunable_is_initialized
calls=1 159 
* 6
+1 4
+3 10
cfi=(12)
cfn=(84)
calls=1 167 
* 41
+2 9
cfi=(12)
cfn=(84)
calls=1 167 
* 41
+1 10
cfi=(12)
cfn=(84)
calls=1 167 
* 41
+1 11
cfi=(12)
cfn=(84)
calls=1 167 
* 41
+3 10
cfi=(12)
cfn=(84)
calls=1 167 
* 41
+9 1
fe=(25)
1176 2
fi=(29)
1351 1
+4 1
fe=(25)
1176 1
fi=(29)
1352 1
+1 1
+2 1
+1 1
-3 1
+4 1
-3 1
+2 1
fe=(25)
1176 1
cfi=(12)
cfn=(54)
calls=1 610 
* 16
+3 4
cfi=(12)
cfn=(54)
calls=1 610 
* 18
+9 1
+4 1
-4 2
+55 1
-1 1
+1 1
+45 4
cfi=(12)
cfn=(54)
calls=1 610 
* 16
+2 4
cfi=(12)
cfn=(54)
calls=1 610 
* 16
+4 2
+3 4
+3 1
+35 3
-32 1
+32 1
cfi=(12)
cfn=(54)
calls=1 610 
* 18
+7 8
fi=(29)
1230 3
+3 1
+1 2
fe=(25)
-33 1
+1 1
-1 1
+1 2
+45 3
+27 2
-10 3
+1 4
+6 1
-3 2
fi=(29)
1045 1
+2 2
-2 1
+2 1
cfn=(76)
calls=1 291 
* 497
+1 2
-1 1
+1 1
cfn=(76)
calls=1 291 
* 604
+4 2
-4 2
+1 1
+3 1
cfn=(76)
calls=1 291 
* 510
+2 2
-2 1
+2 1
cfn=(76)
calls=1 291 
* 502
+3 2
-3 1
+1 2
+2 1
cfn=(76)
calls=1 291 
* 472
+2 2
-2 1
+2 1
cfn=(76)
calls=1 291 
* 474
+2 2
-2 1
+2 1
cfn=(76)
calls=1 291 
* 544
+2 2
-2 1
+2 1
cfn=(76)
calls=1 291 
* 534
+2 2
-2 1
+2 1
cfn=(76)
calls=1 291 
* 536
+3 2
-2 1
-1 1
+3 1
cfn=(76)
calls=1 291 
* 570
+2 2
-2 1
+2 1
cfn=(76)
calls=1 291 
* 572
+2 2
-2 1
+2 1
cfn=(76)
calls=1 291 
* 589
+2 5
-2 1
+2 2
cfn=(82)
calls=1 798 
* 239
1185 1
-6 3
+6 1
-6 2
+6 2
-6 2
+6 2
-1 2
fe=(25)
775 4
565 4
781 5
+37 2
+3 2
926 1
+1 2

fn=(64)
431 3
+4 4
+3 3
+5 2
-5 1
+5 1
-5 1
+4 1
+1 1
+1 4
+1 4
+1 3
+1 2
+7 2
+2 4
+5 1
-5 1
+5 1
-5 2
+5 1
+7 1
-7 4
+7 1
+1 3
+6 1
-6 4
+6 1
fi=(26) /usr/src/debug/glibc/glibc/elf/../sysdeps/unix/sysv/linux/x86/dl-minsigstacksize.h
24 2
+3 2
+1 2
+37 3
+9 2
fe=(25)
490 3

fn=(68)
90 8
+4 1
+37 1
-9 1
-18 1
-1 1
-1 1
+25 1
-14 1
-10 1
-1 2
+25 1
-24 1
+27 1
-26 1
+17 1
+6 1
+7 1
-22 1
+18 1
-18 1
+18 1
+4 1
-7 1
+7 1
-7 1
-6 1
+13 1
-13 1
-9 1
+18 1
+4 1
+1 1
+7 1
+5 1
-8 1
-4 1
+13 1
-9 2
+7 1
-7 2
+1 1
+8 2
+3 1
-5 2
-6 2
+1 1
+10 2
-5 1
-5 2
+6 3
+4 2
-4 1
+4 1
+14 2
389 2
+4 3
fi=(27) /usr/src/debug/glibc/glibc/elf/../sysdeps/unix/sysv/linux/x86/dl-hwcap2.h
25 2
fi=(28)
+6 1
-3 1
+3 2
fe=(25)
402 1
+1 8
163 1
+6 5
+1 3
+2 3
+91 1
-1 2
+17 4
+16 2
+4 1
+1 1
+3 4
+4 2
+4 3
+1 2
+5 1
-1 1
+10 1
-6 1
+2 1
-2 1
+3 1
+3 1
+63 1
fi=(28)
30 1
fe=(25)
389 2
fi=(28)
32 3
+7 5
+1 3
+8 3
+1 1
+2 4
fe=(25)
176 2
+6 2
+14 1
+12 2
-30 1
+18 1
+12 1
-12 1
+12 1
-12 1
+2 4
+6 4
+2 4
+7 4
-24 1
-5 2
+4 1
fi=(28)
54 2
+9 6
fe=(25)

fl=(150) /usr/src/debug/glibc/glibc/elf/./dl-find_object.h
fn=(518) _dl_find_object_from_map
105 4
-4 4
+4 4
+1 8
+1 4
+8 4
+1 4
+5 16
+1 8
-19 8
+21 88
+12 3
+2 3
-2 6
+7 6
-21 135
+2 144
+3 4
+5 4
-5 8
+16 8
+5 4
+1 4

fl=(181)
fn=(640)
39 38
+5 38
+3 38
+2 38
+10 38
+6 38
+1 38
+1 38
+1 38
+1 38
+1 38
+1 38
+4 38
+1 38
+3 38
+1 38
+2 38
+1 38
+1 38
+1 38
+1 38
+1 38
+2 38
+7 38
+1 38
+1 38
cfi=(182) /usr/src/debug/glibc/glibc/elf/dl-runtime.c
cfn=(642) _dl_fixup
calls=38 -52 
* 24958
+1 38
+5 38
+1 38
+1 38
+2 38
+1 38
+1 38
+1 38
+1 38
+1 38
+1 38
+2 38
+2 38
+4 38
+2 38

fl=(43)
fn=(126)
24 2
+1 2
-1 2
+1 2
cfi=(12)
cfn=(54)
calls=1 610 
* 18
* 5
+14 2

fl=(56) /usr/src/debug/glibc/glibc/string/strdup.c
fn=(182) strdup
40 24
+1 4
cfi=(31)
cfn=(90)
calls=4 +16 
* 134
* 4
fi=(323) /usr/src/debug/glibc/glibc/string/../include/rtld-malloc.h
+15 8
cfi=(36)
cfn=(106)
calls=4 -20 
* 72
fe=(56)
-12 8
+3 8
+1 4
-1 4
+1 8
-1 4
cfi=(38)
cfn=(110)
calls=4 210 
* 54

fl=(61)
fn=(1316) _dl_audit_objclose
97 4
+1 16

fn=(198)
29 1
+2 3
+6 1

fn=(564)
41 3
+4 9
+2 9
+4 3

fn=(622)
118 1
+1 4

fn=(252) _dl_audit_objopen
77 2
+1 8

fl=(14)
fn=(30)
146 6
-55 6
+70 7
+1 1
-2 4
+1 4

fl=(38)
fn=(168)
197 31
+1 31
+1 31
+1 31
+17 31
+1 31
+2 21
+1 21
+1 21
+2 2
+1 2
+1 2
+2 2
+80 10
+1 10
+2 3
+4 3
+1 1
+1 1
+8 1
+6 2
+1 2
+1 2
+1 2
+1 2
+29 7
+1 7
+1 7
+1 7
+1 7
+7 19
+1 19
+1 19
+1 19
+1 19
+1 19
+1 19
+11 19
+1 19
+2 19
+1 19
+1 19

fn=(110)
210 22
+1 22
+6 22
+1 22
+2 9
+1 9
+1 9
+2 6
+1 6
+1 6
+2 6
+80 13
+1 13
+2 3
+4 3
+1 1
+1 1
+1 1
+1 1
+4 1
+2 1
+6 2
+1 2
+1 2
+1 2
+1 2
+29 10
+1 10
+1 10
+1 10
+1 10
+7 3
+1 3
+1 3
+1 3
+1 3
+1 3
+1 3
+11 3
+1 3
+2 3
+1 3
+1 3

fl=(19) /usr/src/debug/glibc/glibc/io/../sysdeps/unix/sysv/linux/close_nocancel.c
fn=(42) __GI___close_nocancel
25 3
+1 12
+1 3

fl=(301)
fn=(1290)
26 6
+17 1
-17 4
+20 8
+3 2
cob=(2)
cfi=(242)
cfn=(926)
calls=1 +22 
* 36
+2 1
+3 2
+2 5
-10 4
+95 4
+2 1
-2 2
+6 2
+7 8
-91 3
-2 1
+2 1
cfi=(61)
cfn=(564)
calls=1 -22 
* 8
+5 16
+6 1
-6 1
+4 1
+2 3
+2 8
+2 8
+2 8
+1 4
+1 4
+4 4
-12 12
+19 6
+1 4
+6 6
cfi=(22)
cfn=(280)
calls=1 298 
* 287
+9 2
cob=(2)
cfi=(243)
cfn=(928)
calls=1 357 
* 37
+5 10
+14 4
-14 8
+2 4
+2 8
+2 16
cfi=(302) /usr/src/debug/glibc/glibc/elf/dl-call_fini.c
cfn=(1292) _dl_call_fini
calls=4 -96 
* 306
+3 8
cfi=(61)
cfn=(1316)
calls=4 -26 
* 20
* 12
+8 2
+4 3
cfi=(61)
cfn=(564)
calls=1 -94 
* 8
* 2

fl=(67)
fn=(230)
60 20
+1 2
cfn=(232) __is_decorate_maps_enabled
calls=2 -28 
* 44
* 4
+9 12

fn=(232)
33 3
+1 11
+9 2
+7 2
-17 1
+4 2
-4 2
+4 2
cfi=(12)
cfn=(54)
calls=1 610 
* 18
* 3
+5 1
+1 1
+7 2

fl=(20)
fn=(46)
323 4
-1 4
+1 8
+1 6
+3 4
+4 2
+2 4
+3 2
+1 4
+2 6
+3 2
+3 4
+3 2
+2 2
-2 4
+8 2
+1 4
+3 6
+1 2
-1 2
+2 4
-14 6
+2 4
+2 12
-59 2
+14 2
-14 4
+4 2
+1 2
+1 2
+8 4
+4 2
+1 2
+1 2
+13 2
+40 2

fl=(52)
fn=(152)
51 66
+3 22
cfn=(154)
calls=11 -29 
* 443
* 6
cfn=(154)
calls=3 -29 
* 177
* 28
+2 9
+1 27
+1 42
cfn=(158) _dl_hwcaps_contains
calls=6 +8 
* 30
* 12
+4 33

fn=(154)
25 30
+1 45
+4 24
+4 42
+1 12
-1 18
+2 24
-11 9
+16 9
-16 36
+16 18
cfi=(53) /usr/src/debug/glibc/glibc/string/../sysdeps/x86_64/multiarch/../multiarch/strchr-sse2.S
cfn=(156) index
calls=9 -9 
* 216
+1 27
+3 12
+2 6
-1 6
+1 12
-20 6
+20 6
-4 3
cfi=(31)
cfn=(90)
calls=3 +14 
* 51
* 3
+4 3
-1 3
+1 6

fn=(158)
66 6
+1 12
+1 6
+9 6

fl=(35)
fn=(100)
59 45
+3 6
+18 2
+3 4
cfi=(31)
cfn=(90)
calls=2 -26 
* 52
+4 2
-4 2
+4 2
+5 2
-9 6
fi=(37)
-39 4
cfi=(36)
cfn=(102)
calls=2 +36 
* 173
fe=(35)
+39 1
fi=(37)
-39 2
cfi=(36)
cfn=(102)
calls=1 +36 
* 34
* 3
fe=(35)
+51 6
+4 3
-1 3
+6 3
-5 3
+5 3
-5 3
+4 3
+1 6
-1 3
+1 3
cfi=(38)
cfn=(110)
calls=3 210 
* 44
* 3
+15 3
-15 3
+2 3
+13 6
+6 1
+2 7
+3 2
-3 14
+3 4
+6 3
-4 3
+4 3
+3 14
fi=(4)
1372 3
fe=(35)
139 2
+2 1
-2 2
fi=(4)
1372 45
fe=(35)
139 30
+2 15
-2 30
+16 6
-5 3
-1 3
+30 3
-30 3
+6 9
+2 4
+3 4
-3 4
+7 8
+4 4
+8 1
+3 1
+10 4
-10 2
+10 8
+2 2
cfi=(31)
cfn=(90)
calls=2 57 
* 52
+21 2
-21 6
+17 2
-13 6
+50 6
cfi=(38)
cfn=(168)
calls=2 -48 
* 34
+5 84
+1 84
+4 4
+1 2
+3 2
+4 27
131 6
-8 2
-4 4
+34 1
+7 4
+8 8
fi=(37)
56 4
cfi=(36)
cfn=(106)
calls=2 -20 
* 36
* 2
fe=(35)
200 4
-1 4
64 2
+2 3
+1 6
+10 1
-6 2

fn=(114)
31 15
+2 3
-2 6
+2 3
cfi=(33)
cfn=(116)
calls=3 +10 
* 9
+2 19
+3 20
+2 2
+2 2
+4 2
+1 2
+3 2
-4 2
+1 2
+1 2
+3 2
-3 2
+3 4
-1 2
cfi=(33)
cfn=(116)
calls=2 -7 
* 6
-4 1
+1 1
+3 1
-4 1
+1 1
+1 1
+3 1
-3 1
+3 2
-1 1
cfi=(33)
cfn=(116)
calls=1 -7 
* 3
-5 2

fl=(41)
fn=(266) open_path
1768 3
+1 2
+5 3
+13 3
fi=(55)
128 1
fe=(41)
1787 4
fi=(55)
100 10
cfi=(10)
cfn=(20)
calls=1 +32 
* 49
+28 1
-28 1
+29 2
fe=(41)
1827 2
-55 1
-1 1
+22 1
+8 1
-8 1
+8 2
+7 3
-11 1
+11 1
cfi=(38)
cfn=(168)
calls=1 197 
* 15
+1 1
-1 1
+1 6
+3 6
+5 21
cfi=(38)
cfn=(168)
calls=3 197 
* 39
* 12
cfi=(38)
cfn=(168)
calls=3 197 
* 39
+3 6
+6 6
+3 21
cfn=(224) open_verify.constprop.0
calls=3 1566 
* 210
* 3
+2 9
+2 6
+1 1
+25 2
fi=(37)
56 4
cfi=(36)
cfn=(106)
calls=1 -20 
* 18
fe=(41)
1889 2
+1 2
+2 4
cfi=(38)
cfn=(110)
calls=1 210 
* 11
fi=(55)
140 6
fe=(41)
1937 6
-99 4
+1 12
+6 4
+2 4
-2 2
+2 2
cfi=(75)
cfn=(270)
calls=2 28 
* 32
* 2
+3 2
-3 4
-38 4

fn=(174) fillin_rpath
431 8
+2 1
-2 7
+4 3
cfi=(7)
cfn=(176)
calls=1 239 
* 86
* 9
cfi=(7)
cfn=(176)
calls=3 239 
* 401
* 12
+7 6
+2 9
cfn=(178) expand_dynamic_string_token
calls=3 -85 
* 497
* 3
+4 6
+5 6
cfi=(31)
cfn=(90)
calls=3 57 
* 51
* 3
+1 6
+7 12
+9 21
+1 14
cfi=(54)
cfn=(160)
calls=1 59 
* 15
* 2
+7 6
+1 2
fi=(37)
50 6
cfi=(36)
cfn=(186)
calls=3 +47 
* 38
* 3
fe=(41)
489 8
+4 6
fi=(37)
56 2
cfi=(36)
cfn=(106)
calls=2 -20 
* 36
* 2
fe=(41)
495 4
+7 2
-1 2
+2 4
-1 2
-1 2
+2 2
cfi=(38)
cfn=(168)
calls=2 197 
* 28
+1 2
+2 2
-3 2
+1 2
+2 2
+1 1
+6 6
-1 6
+1 2
-1 6
+1 2
+1 2
-1 10
+1 4
-1 6
+3 2
+1 2
-1 2
+1 4
+1 2
+6 4
+1 2
+3 6
-45 3
-17 6
-22 6
+90 1
+3 1
-1 1
+1 7
-15 4

fn=(122)
855 3
+8 6
-6 3
+12 6
-13 3
+13 3
-13 6
+13 6
+3 9
+1 6
+1 6
+3 9
+1 9
+4 3
+1 6
fi=(42)
97 2
251 3
fe=(41)
901 2
+4 6
+2 8
-20 10
+4 10
-3 5
+6 5
+1 15
fi=(42)
95 20
+7 8
+16 4
-3 8
245 4
+5 2
-4 2
+4 6
+3 2
fe=(41)
917 1
fi=(42)
247 4
+1 2
+2 8
+3 2
fe=(41)

fn=(214)
2237 21
+1 3
-1 21
+1 6
cfn=(216) _dl_lookup_map
calls=3 1941 
* 1240
+1 9
+3 10
-1 10
+1 12
-1 2
cfn=(222) _dl_map_new_object
calls=2 1976 
* 5893

fn=(222)
1976 30
+10 4
+12 2
-5 2
-15 2
+20 4
+14 6
cfi=(53)
cfn=(156)
calls=2 32 
* 48
* 4
2164 2
-1 3
cfn=(178)
calls=1 359 
* 170
+6 1
-7 1
+1 1
+2 2
+4 6
cfn=(224)
calls=1 1566 
* 99
* 1
+3 2
+58 4
-46 6
+45 4
1136 8
+85 8
+10 4
+6 2
+3 8
-3 2
+3 2
-3 2
+3 2
-3 6
+3 2
cfi=(35)
cfn=(100)
calls=2 59 
* 805
* 2
+1 4
+8 2
+2 2
972 2
+1 2
1251 4
972 2
+1 2
-1 4
+3 8
+19 4
-28 2
+8 2
-8 2
+5 2
+3 4
fi=(39)
62 10
fe=(41)
966 2
+2 2
+2 2
-1 2
1266 2
+3 2
-13 2
990 4
+13 92
+4 64
+6 8
+7 16
-7 8
+1 16
-1 8
+1 8
fi=(39)
62 8
fe=(41)
1020 8
-7 8
+1 8
+2 8
fi=(39)
62 24
fe=(41)
1020 8
fi=(39)
62 8
fe=(41)
1020 8
fi=(39)
62 8
fe=(41)
1018 8
+2 8
fi=(39)
62 8
fe=(41)
1020 8
-2 24
+2 8
-2 16
+2 16
-2 8
+2 32
cfi=(69)
cfn=(236)
calls=8 28 
* 48
+6 16
-6 8
+6 58
+7 6
-1 6
-4 6
+4 6
+3 12
-41 24
+39 2
-1 2
-4 2
+4 2
+3 4
-41 76
fi=(68) /usr/src/debug/glibc/glibc/elf/./dl-load.h
155 54
+1 27
fe=(41)
1003 139
-9 2
1096 2
994 2
1096 4
994 4
1276 12
-26 4
+36 4
+10 4
+7 2
fi=(68)
183 4
fe=(41)
1303 2
-7 8
fi=(68)
183 8
+3 4
-31 8
+1 4
+33 16
+3 4
+1 2
-1 4
+1 2
+2 2
-3 2
+3 2
fi=(39)
62 2
fi=(68)
192 2
+1 2
-1 2
+1 2
+3 2
fi=(39)
62 4
fi=(68)
196 2
fi=(39)
62 8
fi=(70) /usr/src/debug/glibc/glibc/elf/./dl-map-segments.h
+25 4
-58 2
+9 2
-9 2
+17 2
-16 12
cfi=(18)
cfn=(40)
calls=2 +17 
* 56
+76 4
-1 2
-75 2
+76 2
+3 4
+1 2
-1 2
+1 2
+2 4
+16 2
fi=(68)
+84 16
fi=(71) /usr/src/debug/glibc/glibc/elf/../sysdeps/unix/sysv/linux/dl-load-post.h
30 16
fi=(70)
152 24
+6 2
+2 2
-2 2
+1 2
+2 4
-1 4
+3 6
+5 4
+3 6
+8 10
cfi=(10)
cfn=(20)
calls=2 -47 
* 294
* 2
+6 4
fi=(68)
-2 107
-28 46
+1 23
+30 23
+3 92
+3 12
+1 6
-1 12
+1 6
+2 6
-3 6
+3 6
fi=(39)
62 6
fi=(68)
192 6
+1 6
-1 6
+1 6
+3 6
fi=(39)
62 12
fi=(68)
196 6
fi=(39)
62 24
fi=(70)
+78 12
+2 12
+1 6
-1 12
+1 6
-1 24
cfi=(18)
cfn=(40)
calls=6 -95 
* 126
* 18
fi=(39)
-80 14
fe=(41)
1093 2
-38 2
+1 1
-15 4
+7 2
+2 2
-2 2
+1 2
+1 2
-1 4
+1 16
+9 3
+5 1
-1 2
+5 1
-5 2
-56 1
+61 4
+1 1
+3 1
-3 1
+8 4
-47 4
fi=(66) /usr/src/debug/glibc/glibc/elf/../sysdeps/posix/dl-fileid.h
37 6
cfi=(17)
cfn=(38)
calls=2 -7 
* 12
* 4
+3 2
fe=(41)
1172 2
fi=(66)
40 2
+1 4
fe=(41)
1172 27
+1 10
fi=(66)
49 12
fe=(41)
2232 18
2016 2
cfi=(31)
cfn=(90)
calls=1 57 
* 17
* 2
+2 2
+7 4
+51 12
cfn=(266)
calls=1 1768 
* 622
+6 1
-6 1
+6 2
+74 2
fi=(68)
213 3
+1 4
+3 4
fe=(41)
2029 1
+8 1
-3 1
-4 2
+7 2
-3 3
+1 5
cfn=(264) cache_rpath
calls=1 651 
* 8
* 2
-1 2
+15 2
+1 6
+1 7
cfn=(264)
calls=1 651 
* 8
* 3
+9 2
+15 2
+1 2
1191 4
1319 6
+1 2
fi=(72) /usr/src/debug/glibc/glibc/elf/get-dynamic-info.h
39 2
fe=(41)
1320 2
fi=(72)
39 2
+6 6
-2 4
+10 3
+15 3
-23 12
+23 45
-23 180
+4 96
+3 12
-1 24
+3 36
+1 28
fi=(70)
191 4
-3 1
+3 5
-3 6
+3 1
cfi=(18)
cfn=(40)
calls=1 47 
* 21
+3 2
+2 1
cfi=(67)
cfn=(232)
calls=1 33 
* 6
* 3
fe=(41)
1326 4
+1 4
+2 4
+10 6
+23 4
+2 10
+20 6
+1 2
+6 26
+1 9
+2 9
-2 18
+2 6
cfn=(122)
calls=2 855 
* 169
+5 4
cfi=(19)
cfn=(42)
calls=2 25 
* 12
* 4
+13 4
+2 8
+2 4
+16 4
cfi=(8)
cfn=(14)
calls=2 25 
* 54
+4 4
+1 4
+17 4
+1 1
+3 4
+5 2
-5 4
+5 2
+5 4
+10 8
+8 4
+1 4
+5 2
cfi=(58)
cfn=(274) _dl_assign_tls_modid
calls=1 162 
* 14
+7 8
cfi=(35)
cfn=(114)
calls=2 31 
* 90
+3 6
+3 6
cfn=(248) _dl_notify_new_object
calls=2 921 
* 84
* 2
fi=(72)
72 8
+12 6
+1 7
+1 8
+1 8
+1 10
+1 7
+1 7
+1 8
+12 2
+7 2
-7 14
+7 4
+5 2
+8 6
+6 6
+1 6
+17 6
+5 4
+2 4
+2 4
+2 4
+1 2
+3 6
+2 6
+1 4
+9 6
+6 4
+1 4
+3 4
56 10
+3 8
fi=(4)
+38 8
+3 2
+1 1
-1 2
+1 1
fe=(41)
1479 5
cfi=(44)
cfn=(130)
calls=1 98 
* 43
* 2
+1 3
fi=(72)
62 8
+2 8
fe=(41)

fn=(180)
212 12
+3 6
-3 18
+7 6
-4 6
cfi=(53)
cfn=(156)
calls=6 32 
* 279
+3 12
+20 24

fn=(216)
1941 18
+1 6
+1 6
+3 36
+5 49
+2 21
cfi=(15)
cfn=(218)
calls=7 68 
* 944
* 14
+2 12
fi=(4)
97 18
+4 2
-1 10
+1 2
fe=(41)
1955 4
+1 6
cfi=(44)
cfn=(130)
calls=2 98 
* 70
* 4
+13 18

fn=(224)
1566 20
+32 4
-32 24
+32 8
+19 16
cfi=(16) /usr/src/debug/glibc/glibc/io/../sysdeps/unix/sysv/linux/open64_nocancel.c
cfn=(36) __open_nocancel
calls=4 28 
* 90
* 4
+2 8
+6 2
+6 2
-5 2
+6 2
-1 4
+1 2
-1 2
cfi=(65)
cfn=(226)
calls=2 25 
* 12
* 2
+4 2
-2 4
+2 4
+2 4
+6 4
+15 23
-55 2
+55 8
+64 4
+5 4
+8 8
+6 6
+14 28
-5 4

fn=(142)
675 7
+14 1
-14 3
+14 1
-14 2
+14 1
cfi=(49)
cfn=(144)
calls=1 171 
* 1320
fi=(37)
56 1
fe=(41)
689 1
fi=(37)
56 1
cfi=(36)
cfn=(106)
calls=1 -20 
* 18
fe=(41)
694 1
+2 2
+12 2
-4 1
+4 5
fi=(37)
56 1
cfi=(36)
cfn=(106)
calls=1 -20 
* 18
fe=(41)
708 1
+2 4
+17 1
+9 1
-19 1
-1 1
+11 1
+3 1
-5 1
+5 1
+1 1
-4 1
+9 2
+1 4
cfi=(10)
cfn=(20)
calls=1 132 
* 14
+2 1
+12 1
+3 1
-8 1
-1 1
+9 2
+2 4
+2 3
+36 5
+8 1
-1 3
+2 1
+1 2
-2 4
+1 27
+1 54
-2 108
+5 1
fi=(37)
56 1
cfi=(36)
cfn=(106)
calls=1 -20 
* 18
fe=(41)
806 1
+2 2
+8 2
cfi=(31)
cfn=(90)
calls=1 57 
* 35
fi=(55)
100 3
fe=(41)
818 1
fi=(55)
100 1
cfi=(10)
cfn=(20)
calls=1 +32 
* 49
+28 1
-28 1
+28 1
+1 2
fe=(41)
819 3
cfi=(38)
cfn=(110)
calls=1 210 
* 11
+2 7
cfn=(174)
calls=1 431 
* 1441
fi=(55)
140 3
fe=(41)
828 1
-2 2
+8 2
+6 1
+4 7
-67 1
-2 1
+2 2
+14 2

fn=(248)
921 8
+2 2
-2 10
+2 2
cfi=(57)
cfn=(250)
calls=2 94 
* 14
* 2
+1 6
+21 10
-4 4
+7 2
-2 4
+2 8
-2 2
cfi=(61)
cfn=(252)
calls=2 77 
* 10

fn=(264)
651 2
-1 4
+1 4
+1 2
+16 4

fn=(178)
359 16
+10 4
-10 12
+10 4
cfn=(180)
calls=4 212 
* 263
+3 8
+12 4
-11 4
+11 12
-11 4
cfi=(56)
cfn=(182)
calls=4 40 
* 336

fl=(16)
fn=(36)
28 10
+3 5
-3 15
+3 30
+8 35
+2 6
-2 6
+2 4

fl=(60)
fn=(196)
28 2
+1 2

fl=(182)
fn=(642)
46 76
+2 38
-2 190
+9 38
-9 76
fi=(324) /usr/src/debug/glibc/glibc/elf/../sysdeps/x86_64/dl-runtime.h
-18 38
fe=(182)
+18 38
+2 266
+1 76
+5 38
+1 114
+1 38
+2 38
-2 228
+7 76
+4 76
+4 38
-22 38
+20 38
+2 76
+4 114
+1 152
-7 152
+16 38
-1 38
+1 76
+2 21
+1 21
+7 189
cfi=(87)
cfn=(338)
calls=21 767 
* 11561
* 153
cfi=(87)
cfn=(338)
calls=17 767 
* 9154
+4 114
-4 38
+4 76
+10 380
+15 152
+9 114
+26 114
fi=(6)
+64 38
fe=(182)
-60 304
-63 84
+62 76
-39 6
fi=(325) /usr/src/debug/glibc/glibc/elf/../sysdeps/x86_64/dl-irel.h
-91 6
cob=(2)
cfi=(120)
cfn=(426)
calls=1 +47 
* 20
cob=(2)
cfi=(138)
cfn=(476)
calls=1 -3 
* 24
cob=(2)
cfi=(110)
cfn=(396)
calls=1 -3 
* 22
cob=(2)
cfi=(145)
cfn=(500)
calls=1 -2 
* 22
cob=(2)
cfi=(142)
cfn=(488)
calls=1 -2 
* 24
cob=(2)
cfi=(121)
cfn=(428)
calls=1 -3 
* 23
fe=(182)
+93 18

fl=(58)
fn=(274)
162 4
+3 3
+53 1
+2 1
+3 1
+2 2
+5 2

fn=(350)
1323 2
+1 2
-1 7
+1 2
+4 4
+4 5
-14 1
-1 1
-8 2
+8 1
-8 1
+8 2
cfi=(38)
cfn=(168)
calls=1 197 
* 21
* 4
cfi=(10)
cfn=(20)
calls=1 132 
* 25
+15 3
+3 4
+1 6

fn=(512)
624 102
+1 51
+4 17
+6 34
+3 68
-9 17
+6 17
cob=(2)
cfi=(242)
cfn=(926)
calls=16 71 
* 576
cfi=(33)
cfn=(116)
calls=1 43 
* 3
+3 51
+36 17
-43 17
+43 34
-19 204
+9 51
+1 34
+6 51
+3 17
-2 17
+6 17
-6 17
+2 34
+4 17
-4 51
+3 34
+4 34
+1 68
+2 34
+1 34
+9 17
+10 51
+2 68
cfi=(38)
cfn=(168)
calls=17 197 
* 357
* 102
cfi=(10)
cfn=(20)
calls=17 132 
* 425
+3 51
+1 1
+4 1
-59 4
+59 16
-59 64
+6 68
+59 34
cob=(2)
cfi=(243)
cfn=(928)
calls=16 357 
* 592
cfi=(33)
cfn=(116)
calls=1 43 
* 3
+3 119
+3 51

fn=(304)
524 5
fi=(80) /usr/src/debug/glibc/glibc/elf/./dl-tls_block_align.h
23 1
fe=(58)
+75 1
530 2
fi=(37)
56 1
cfi=(36)
cfn=(106)
calls=1 -20 
* 103
fe=(58)
532 2
fi=(80)
41 2
+6 5
+5 1
-5 1
+5 1
-4 1
+4 1
cfi=(10)
cfn=(20)
calls=1 +80 
* 273
fe=(58)
542 1
fi=(80)
52 1
fe=(58)
544 1
cfn=(308) allocate_dtv
calls=1 -77 
* 48
* 1
+1 2
+2 2
104 2
552 4

fn=(514)
1196 1
+1 1
+3 4
+6 2
-6 3
+2 6
+1 4
+6 1
+2 2
+3 1

fn=(298)
134 2
+3 1
-3 3
+3 1
-3 1
+3 1
-3 1
+3 1
cfi=(12)
cfn=(54)
calls=1 610 
* 17
* 1
+1 4
cfi=(12)
cfn=(54)
calls=1 610 
* 17
+1 1
+2 1
-3 1
+1 2
+2 3
+3 1
+2 1
-26 3
+28 3
+1 5

fn=(300)
258 4
+37 1
-37 3
+37 3
-2 1
-32 1
-1 1
-1 2
+63 3
+3 1
-3 5
+5 1
+7 1
-7 4
+3 1
-34 1
-1 2
+1 3
-1 6
+3 12
+4 1
-1 1
+5 1
-5 1
+1 1
-1 1
+3 2
+2 3
-11 1
fi=(79) /usr/src/debug/glibc/glibc/elf/../sysdeps/unix/sysv/linux/dl-extra_tls.h
32 3
+12 1
-12 1
cfi=(12)
cfn=(54)
calls=1 610 
* 18
+1 3
+4 10
+14 4
cfi=(12)
cfn=(54)
calls=1 610 
* 18
+1 3
fe=(58)
357 6
+14 1
+91 1
+1 1
-95 1
+2 1
+93 1
-95 2
+3 3
+92 1
-92 3
+2 2
+90 2
fi=(79)
54 1
fe=(58)
351 3
+6 3

fn=(510)
1239 1
+1 4
-1 5
+9 1
+3 1
+1 1
+4 3
+45 1
-9 2
+3 2
+1 3
+5 1
-3 1
+4 2

fn=(920)
731 64
+1 32
+2 16
cfn=(308)
calls=16 467 
* 4384
-2 16
+2 16
-2 16
cfn=(512)
calls=16 624 
* 3584
* 16
+3 32
+5 48
-5 32

fn=(308)
467 17
fi=(37)
44 17
fe=(58)
467 68
+5 17
+5 17
fi=(37)
44 17
cob=(2)
cfi=(163)
cfn=(922)
calls=16 3515 
* 4064
cfi=(36)
cfn=(102)
calls=1 +36 
* 28
fe=(58)
478 34
-2 17
+11 17
-11 17
+11 34
+6 68

fn=(190)
235 1
+2 2
+1 1
+15 2

fn=(1280)
746 108
+1 24
+4 12
+3 96
+2 720
fi=(37)
50 180
cob=(2)
cfi=(163)
cfn=(868)
calls=180 3137 
* 720
fe=(58)
754 564
+12 24
+1 12
fi=(37)
50 12
cob=(2)
cfi=(163)
cfn=(868)
calls=12 3137 
* 697
fe=(58)
769 24
+2 60

fl=(302)
fn=(1292)
24 24
+4 8
+6 4
-2 4
+3 8
+4 4
+3 6
-4 12
+5 2
cob=(4)
cfi=(167)
cfn=(1318)
calls=1 -43 
* 94
cob=(5)
cfi=(173)
cfn=(1294)
calls=1 -43 
* 94
-1 10
+5 2
+1 4
-1 2
+1 4
+1 2
+1 2
-1 2
+1 2
-1 2
cob=(3)
cfi=(166)
cfn=(1332)
calls=1 -49 
* 4
cob=(3)
cfi=(166)
cfn=(1314)
calls=1 -49 
* 4
+1 6

fl=(15)
fn=(218)
68 98
+1 28
cfi=(44)
cfn=(130)
calls=14 +29 
* 635
* 28
+3 14
+2 28
+4 15
-4 30
+1 54
cfi=(44)
cfn=(130)
calls=18 +23 
* 891
* 36
+6 3
-11 3
+11 20
-1 11
+1 33

fn=(34)
36 2
+3 1
-3 5
+3 1
-3 1
+3 1
cfi=(16)
cfn=(36)
calls=1 -11 
* 21
+1 3
+2 4
cfi=(17)
cfn=(38)
calls=1 -12 
* 6
* 3
+2 2
+3 2
+13 3
cfi=(19)
cfn=(42)
calls=1 -35 
* 6
* 1
+3 6
-14 6
cfi=(18)
cfn=(40)
calls=1 -2 
* 26
* 3

fl=(53)
fn=(156)
32 17
+1 17
+1 17
+1 17
+1 17
+1 17
+1 17
+1 17
+1 17
+1 14
+1 14
+1 14
+1 14
+1 14
+1 14
+1 14
+1 14
+1 14
+1 12
+4 12
+1 12
+1 12
+1 12
+2 12
+4 2
+1 2
+1 2
+1 2
+1 2
+1 2
+1 2
+1 2
+1 2
+1 2
+1 2
+1 2
+1 2
+1 2
+1 2
+1 2
+1 2
+1 2
+1 2
+1 2
+1 2
+1 2
+1 2
+1 2
+52 5
+4 5
+1 5
+1 5
+1 5
+2 5
+4 3
+1 3
+1 3
+1 3
+1 3
+1 3
+1 3
+1 3
+1 3
+1 3
+1 3
+1 3
+1 3
+1 3
+1 3
+1 3
+1 3
+1 3
+1 3
+1 3
+1 3
+1 3
+1 3
+1 3
+1 3
+1 3
+1 3
+1 3
+1 3
+1 3
+1 3
+1 3
+1 3
+1 3
+1 3
+1 3
+1 3
+1 3

fl=(73)
fn=(254)
25 1
+2 7
+4 1

fl=(23)
fn=(56)
36 1
fi=(326) /usr/src/debug/glibc/glibc/elf/../sysdeps/unix/sysv/linux/brk_call.h
-12 2
fe=(23)
+13 1
+1 2
+6 1
+1 1

fl=(149)
fn=(522) _dlfo_sort_mappings
553 1
+1 2
-1 2
+4 2
-4 2
+4 1
-4 3
+8 1
+1 1
-1 1
+1 2
-1 1
+1 1
-1 1
+1 12
+1 4
+2 4
-3 8
+1 2
+2 2
-3 4
+8 6
+1 2
-1 6
+1 10
+1 8
-15 6
+17 4

fn=(520) _dlfo_process_initial
505 10
+1 2
-1 4
+4 4
+5 10
-1 6
+1 6
+1 6
+1 8
-1 16
+3 28
+3 24
-7 12
+34 2
-2 2
+2 10
-24 12
+5 18
+3 3
-1 9
cfi=(150)
cfn=(518)
calls=3 105 
* 352
+2 12

fn=(516)
578 4
+3 1
-3 1
+5 2
+13 1
cfn=(520)
calls=1 -91 
* 96
* 1
+1 3
fi=(37)
56 1
cfi=(36)
cfn=(106)
calls=1 -20 
* 18
fe=(149)
597 1
+2 2
+3 3
+5 1
+1 1
cfn=(520)
calls=1 505 
* 460
+3 4
+10 3
-37 2
cfi=(150)
cfn=(518)
calls=1 105 
* 129
* 1
+29 1
cfn=(522)
calls=1 -60 
* 99
+3 6
+2 1

fl=(31)
fn=(90)
57 17
+44 17
+1 17
+1 17
+1 17
+1 17
+1 17
+1 17
+2 17
+2 17
+31 14
+1 14
+1 14
+1 14
+1 14
+1 10
+2 10
+4 4
+1 4
+1 4
+1 4
+1 4
+1 4
+1 4
+1 4
+1 4
+1 4
+1 4
+1 4
+5 32
+4 3
+1 42
+1 24

fl=(152)
fn=(528)
74 15
+1 3
-1 15
+2 6
+2 21
+1 6
+2 6
+5 21
-2 25
+2 3
+1 12
-1 6
+1 3
cfn=(530) check_match
calls=3 -56 
* 561
* 3
+3 6
+3 6
+23 24

fn=(530)
31 9
+1 3
-1 12
+1 3
fi=(4)
+48 3
fe=(152)
-49 6
+1 6
+1 9
+2 6
+1 6
+12 9
+3 12
+2 9
cfi=(44)
cfn=(130)
calls=3 +45 
* 186
* 6
+4 6
+1 15
+1 9
cfi=(44)
cfn=(130)
calls=3 +39 
* 213
-19 12
+24 21

fl=(32)
fn=(92)
37 5
+3 1
+18 2
+4 2
+16 3

fl=(44)
fn=(130)
98 269
+33 269
+1 269
+2 269
+1 269
+21 269
+1 269
+1 230
+1 230
+1 180
+1 180
+1 180
+1 180
+17 180
+1 180
+1 180
+1 180
+1 180
+1 180
+1 180
+5 10
+1 30
+9 10
+1 10
+1 10
+1 10
+1 10
+1 10
+1 10
+1 10
-7 89
+1 89
+1 89
+1 89
+1 89
+1 89
+1 89
+1 89
+1 98
+1 53
+1 53
+1 53
+2 53
+1 53
+1 53
+1 53
+1 53
+1 53
-5 45
+1 45
+1 45
+1 45
+1 45
+1 45
+10 1
+1 1
+1 1
+2 1
+6 1
+1 1
+1 1
+1 1
+1 1
+5 1
+2 1
+1 1
+1 2
+8 1
+1 1
+3 1
+1 1
+1 1
+1 1
+1 1
+1 1
+31 1
+1 1
+1 1
+1 1
+1 1
+2 1
+1 1
+1 1
+1 1
+1 1
+1 1
+1 1
+1 1
+3 1
+1 1
+1 1
+6 1
+1 1
+1 2
+4 1
+1 1
+3 1
+1 1
+1 1
+2 1
+1 1
+1 1
+4 1
+1 1
+1 1
+1 1
+1 1
+1 1
+75 3
+1 3
+1 3
+1 3
+1 3
+2 3
+1 3
+1 3
+1 3
+1 3
+1 3
+1 3
+1 1
+3 1
+1 1
+1 1
+6 1
+1 1
+1 2
+4 1
+1 1
+3 1
+1 1
+1 1
+2 1
+1 1
+1 1
+4 1
+1 1
+1 1
+1 1
+1 1
+1 1
661 4
+1 4
+1 4
+1 4
+1 4
+2 4
+1 4
+1 4
+1 4
+1 4
+1 4
+1 4
+1 4
+4 4
+1 4
+1 4
+6 4
+1 4
+1 8
+4 4
+1 4
+3 4
+1 4
+1 4
+2 4
+1 4
+1 4
+4 4
+1 4
+1 4
+1 4
+1 4
+1 4
+7 1
+1 1
+2 1
+1 1
+2 1
+1 1
+1 1
+2 1
+1 1
+1 1
+4 1
+1 1
+1 1
+1 1
+1 1
+1 1
+41 2
+1 2
+1 2
+1 2
+1 2
+2 2
+1 2
+1 2
+1 2
+1 2
+1 2
+1 2
+1 2
+4 2
+1 2
+1 2
+6 2
+1 2
+1 4
+4 2
+1 2
+3 2
+1 2
+1 2
+2 2
+1 2
+1 2
+4 2
+1 2
+1 2
+1 2
+1 2
+1 2
+69 12
+1 12
+1 12
+1 12
+1 12
+2 12
+1 12
+1 12
+1 12
+1 12
+1 12
+1 12
+1 8
+4 8
+1 8
+1 8
+6 8
+1 8
+1 16
+4 8
+1 8
+3 8
+1 8
+1 8
+2 8
+1 8
+1 8
+4 8
+1 8
+1 8
+1 8
+1 8
+1 8
+7 1
+1 1
+2 1
+1 1
+2 1
+1 1
+1 1
+2 1
+1 1
+1 1
+4 1
+1 1
+1 1
+1 1
+1 1
+1 1
+41 3
+1 3
+1 3
+1 3
+1 3
+2 3
+1 3
+1 3
+1 3
+1 3
+1 3
+1 3
+1 3
+4 3
+1 3
+1 3
+6 3
+1 3
+1 6
+4 3
+1 3
+3 3
+1 3
+1 3
+2 3
+1 3
+1 3
+4 3
+1 3
+1 3
+1 3
+1 3
+1 3
+69 5
+1 5
+1 5
+1 5
+1 5
+2 5
+1 5
+1 5
+1 5
+1 5
+1 5
+1 5
+1 4
+4 4
+1 4
+1 4
+6 4
+1 4
+1 8
+4 4
+1 4
+3 4
+1 4
+1 4
+2 4
+1 4
+1 4
+4 4
+1 4
+1 4
+1 4
+1 4
+1 4
+69 6
+1 6
+1 6
+1 6
+1 6
+2 6
+1 6
+1 6
+1 6
+1 6
+1 6
+1 6
+1 5
+4 5
+1 5
+1 5
+6 5
+1 5
+1 10
+4 5
+1 5
+3 5
+1 5
+1 5
+2 5
+1 5
+1 5
+4 5
+1 5
+1 5
+1 5
+1 5
+1 5
+69 21
+1 21
+1 21
+1 21
+1 21
+2 21
+1 21
+1 21
+1 21
+1 21
+1 21
+1 21
+1 7
+4 7
+1 7
+1 7
+6 7
+1 7
+1 14
+4 7
+1 7
+3 7
+1 7
+1 7
+2 7
+1 7
+1 7
+4 7
+1 7
+1 7
+1 7
+1 7
+1 7
+69 5
+1 5
+1 5
+1 5
+1 5
+2 5
+1 5
+1 5
+1 5
+1 5
+1 5
+1 5
+1 4
+4 4
+1 4
+1 4
+6 4
+1 4
+1 8
+4 4
+1 4
+3 4
+1 4
+1 4
+2 4
+1 4
+1 4
+4 4
+1 4
+1 4
+1 4
+1 4
+1 4
+69 7
+1 7
+1 7
+1 7
+1 7
+2 7
+1 7
+1 7
+1 7
+1 7
+1 7
+1 7
+1 3
+4 3
+1 3
+1 3
+6 3
+1 3
+1 6
+4 3
+1 3
+3 3
+1 3
+1 3
+2 3
+1 3
+1 3
+4 3
+1 3
+1 3
+1 3
+1 3
+1 3
+69 6
+1 6
+1 6
+1 6
+1 6
+2 6
+1 6
+1 6
+1 6
+1 6
+1 6
+1 6
+1 4
+4 4
+1 4
+1 4
+6 4
+1 4
+1 8
+4 4
+1 4
+3 4
+1 4
+1 4
+2 4
+1 4
+1 4
+4 4
+1 4
+1 4
+1 4
+1 4
+1 4
+69 15
+1 15
+1 15
+1 15
+1 15
+2 15
+1 15
+1 15
+1 15
+1 15
+1 15
+1 15
+1 6
+4 6
+1 6
+1 6
+6 6
+1 6
+1 12
+4 6
+1 6
+3 6
+1 6
+1 6
+2 6
+1 6
+1 6
+4 6
+1 6
+1 6
+1 6
+1 6
+1 6
+7 2
+1 2
+2 2
+1 2
+2 2
+1 2
+1 2
+2 2
+1 2
+1 2
+4 2
+1 2
+1 2
+1 2
+1 2
+1 2
+41 8
+1 8
+1 8
+1 8
+1 8
+2 8
+1 8
+1 8
+1 8
+1 8
+1 8
+1 8
+2 5
+4 5
+1 5
+1 5
+6 5
+1 5
+2 10
+4 5
+1 5
+3 5
+1 5
+1 5
+2 5
+1 5
+1 5
+4 5
+1 5
+1 5
+1 5
+1 5
+1 5
+71 58
+2 58
+1 58
+1 58
+1 58
-3 41
+1 41
+1 41
+1 41
+1 106
+5 53
+6 53
+1 53
+8 53
+1 53
-16 216
+6 216
+1 216
+8 216
+1 216

fn=(292)
98 1
+27 1
+1 1
+1 1
+1 1
+1 1
+2 1
+1 1
+2 1
+1 1
+21 1
+1 1
+1 1
+1 1
+42 1
+1 1
+1 1
+1 1
+1 1
+1 1
+1 1
+1 1
+21 1
+1 1
+1 1
+2 1
+6 1
+1 1
+1 1
+1 1
+1 1
+5 1
2095 1
+1 1
+1 1
+1 1
+6 1
+3 1
+1 1
+2 1
+1 1
+8 1
+1 1

fl=(24)
fn=(60)
37 1
+2 3
+2 1
cfi=(25)
cfn=(62)
calls=1 728 
* 7818

fn=(524)
76 1
-37 3
+37 2

fl=(10)
fn=(20)
132 29
+1 145
+5 29
+1 29
+3 26
+1 26
+2 1
+1 1
+1 1
+84 25
+1 25
+12 25
+3 25
+1 25
+12 25
+1 25
+13 25
+1 25
+2 25
+3 7
+3 14
+3 7
+1 7
+1 7
+1 7
+1 7
+1 7
+1 7
-6 81
+1 81
+1 81
+1 81
+1 81
+1 81
+1 81
+3 25
+1 25
+1 25
+1 25
+5 25
+46 3
+2 3
+1 3
+39 3
+1 3
+2 3

fl=(151)
fn=(526)
30 2
+10 4
-10 3
+7 1
+3 2
cfi=(152)
cfn=(528)
calls=1 +34 
* 262
+4 2
+1 9
+2 5
-2 1
+2 1
cfi=(152)
cfn=(528)
calls=1 +27 
* 240
* 1
+4 2
+1 6
+1 2
-1 1
+1 2

fl=(12)
fn=(88)
159 1
+1 4
+1 1

fn=(24)
311 11
+11 1
-11 1
+11 7
+11 2
cfi=(13)
cfn=(26)
calls=1 611 
* 382
+1 2
471 3
+4 30
45 1435
+6 286
-3 286
+3 26145
+4 572
+4 286
fi=(21) /usr/src/debug/glibc/glibc/elf/dl-tunables.h
160 286
fe=(12)
59 286
fi=(21)
160 286
fe=(12)
59 286
fi=(21)
160 873
+1 582
-1 25
fe=(12)
490 2574
+3 5148
-2 7722
+2 7722
-5 8008
+39 8
fi=(21)
160 8097
+1 5398
-1 625
fe=(12)
508 6
+11 2
-8 36
+7 27
fi=(21)
165 858
fe=(12)

fn=(54)
610 34
+3 68
-3 34
+3 170
+9 31
-9 62
+19 20
+7 102
+2 34
-19 14
+1 14
+9 6

fn=(84)
167 6
-92 36
+3 6
cfn=(86) do_tunable_update_val.part.0
calls=6 * 
* 198

fn=(86)
78 6
-9 12
+9 24
+10 6
+11 6
+1 6
-1 18
+1 24
+4 12
+2 12
+4 6
-4 12
+11 12
+1 12
+3 6
+1 6
+1 6
+1 12

fl=(87)
fn=(344) check_match
70 828
+3 138
-3 414
+3 824
+13 1233
+3 602
cfi=(44)
cfn=(130)
calls=82 +9 
* 3973
* 164
+4 274
+1 274
+4 268
+4 268
+1 1206
+1 660
cfi=(44)
cfn=(130)
calls=132 -6 
* 3797
* 528
+54 405
+1 405
-18 6
+2 6
+1 3
-1 6
+1 9
-1 6
-34 6
+1 2
+1 8
-33 2
+81 9
-86 4
+5 2

fn=(338)
767 284
+3 142
-3 1846
+3 142
fi=(88) /usr/src/debug/glibc/glibc/elf/../sysdeps/generic/dl-new-hash.h
74 142
+3 284
-8 142
+1 284
+10 142
+1 284
-1 791
+1 1582
+20 869
-2 869
+6 869
-3 1738
+2 869
-30 869
+3 1738
fe=(87)
770 142
-1 142
+4 142
-4 142
+1 142
+7 548
+5 284
-2 284
+6 284
-7 284
-8 142
+15 319
+1 1988
cfn=(342) do_lookup_x
calls=142 344 
* 52582
* 426
+5 426
+23 135
+1 790
+7 135
-7 135
+35 810
+14 405
+3 270
+17 135
-74 135
+76 1215
-76 7
+76 63
fi=(88)
87 64
+1 64
+1 128
+1 64
fe=(87)
794 49
+78 7
-60 14
+54 2

fn=(342)
344 1562
fi=(89) /usr/src/debug/glibc/glibc/elf/../sysdeps/generic/dl-protected.h
29 142
fe=(87)
344 710
+6 142
fi=(89)
29 142
fe=(87)
351 142
fi=(89)
29 568
fe=(87)
393 1320
+8 440
-4 440
+1 440
+3 1760
+1 880
+3 440
-3 440
+4 880
+3 440
+4 440
-4 440
+1 440
-2 440
+5 1320
+3 3080
+99 897
355 890
+3 890
+4 920
+21 880
+4 880
fi=(4)
152 270
+1 405
fe=(87)
473 270
fi=(89)
29 270
fe=(87)
480 1004
+16 270
+1 135
+1 270
+21 852
-52 22
+48 44
+3 14
-98 438
-1 292
+2 292
+2 292
+5 1606
+8 606
-10 1685
+3 552
-1 138
+1 414
-1 138
+1 276
-1 138
+1 138
-1 138
+1 138
+1 138
-1 276
+1 138
-1 414
cfn=(344)
calls=138 70 
* 16330
+4 1629
+51 57
-39 88

fl=(54)
fn=(160)
59 2
+12 2
+1 2
+22 2
+1 2
+45 2
+1 2
+2 2
+1 2
+2 2
+1 2
+2 2
+1 2
+1 1
+3 1
+43 1
+1 1
+1 1
+1 1
+1 1
+1 1

totals: 775983784
